"../../../Engine/Plugins/Interchange/Runtime/Content/Pipelines/DefaultTexturePipeline.uasset" 0
"../../../Engine/Plugins/Interchange/Runtime/Content/Pipelines/DefaultTexturePipeline.uexp" 1
"../../../Engine/Plugins/Interchange/Runtime/Content/Pipelines/DefaultSceneLevelPipeline.uasset" 2
"../../../Engine/Plugins/Interchange/Runtime/Content/Pipelines/DefaultSceneLevelPipeline.uexp" 3
"../../../Engine/Plugins/Interchange/Runtime/Content/Pipelines/DefaultSceneAssetsPipeline.uasset" 4
"../../../Engine/Plugins/Interchange/Runtime/Content/Pipelines/DefaultSceneAssetsPipeline.uexp" 5
"../../../Engine/Plugins/Interchange/Runtime/Content/Pipelines/DefaultMaterialXPipeline.uasset" 6
"../../../Engine/Plugins/Interchange/Runtime/Content/Pipelines/DefaultMaterialXPipeline.uexp" 7
"../../../Engine/Plugins/Interchange/Runtime/Content/Pipelines/DefaultMaterialPipeline.uasset" 8
"../../../Engine/Plugins/Interchange/Runtime/Content/Pipelines/DefaultMaterialPipeline.uexp" 9
"../../../Engine/Plugins/Interchange/Runtime/Content/Pipelines/DefaultGLTFSceneAssetsPipeline.uasset" 10
"../../../Engine/Plugins/Interchange/Runtime/Content/Pipelines/DefaultGLTFSceneAssetsPipeline.uexp" 11
"../../../Engine/Plugins/Interchange/Runtime/Content/Pipelines/DefaultGLTFPipeline.uasset" 12
"../../../Engine/Plugins/Interchange/Runtime/Content/Pipelines/DefaultGLTFPipeline.uexp" 13
"../../../Engine/Plugins/Interchange/Runtime/Content/Pipelines/DefaultGLTFAssetsPipeline.uasset" 14
"../../../Engine/Plugins/Interchange/Runtime/Content/Pipelines/DefaultGLTFAssetsPipeline.uexp" 15
"../../../Engine/Plugins/Interchange/Runtime/Content/Pipelines/DefaultAssetsPipeline.uasset" 16
"../../../Engine/Plugins/Interchange/Runtime/Content/Pipelines/DefaultAssetsPipeline.uexp" 17
"../../../Engine/Plugins/Animation/ControlRig/Content/Controls/DefaultGizmoLibraryNormalized.uasset" 18
"../../../Engine/Plugins/Animation/ControlRig/Content/Controls/DefaultGizmoLibraryNormalized.uexp" 19
"../../../Engine/Plugins/2D/Paper2D/Content/PlaceholderTextures/DummySpriteTexture.ubulk" 20
"../../../Engine/Plugins/2D/Paper2D/Content/PlaceholderTextures/DummySpriteTexture.uasset" 21
"../../../Engine/Plugins/2D/Paper2D/Content/PlaceholderTextures/DummySpriteTexture.uexp" 22
"../../../Engine/Plugins/2D/Paper2D/Content/DummySprite.uasset" 23
"../../../Engine/Plugins/2D/Paper2D/Content/DummySprite.uexp" 24
"../../../Engine/Plugins/2D/Paper2D/Content/DefaultPaperTerrainMaterial.uasset" 25
"../../../Engine/Plugins/2D/Paper2D/Content/DefaultPaperTerrainMaterial.uexp" 26
"../../../Engine/Content/EngineSounds/Master.uasset" 27
"../../../Engine/Content/EngineSounds/Master.uexp" 28
"../../../Engine/Content/EngineMaterials/DefaultPhysicalMaterial.uasset" 29
"../../../Engine/Content/EngineMaterials/DefaultPhysicalMaterial.uexp" 30
"../../../Engine/Content/EngineMaterials/DefaultDestructiblePhysicalMaterial.uasset" 31
"../../../Engine/Content/EngineMaterials/DefaultDestructiblePhysicalMaterial.uexp" 32
"../../../Engine/Content/EngineFonts/Faces/RobotoLight.uexp" 33
"../../../Engine/Content/EngineFonts/Faces/RobotoLight.uasset" 34
"../../../Engine/Content/EngineFonts/Faces/RobotoLight.ufont" 35
"../../../Engine/Content/EngineFonts/Faces/RobotoBold.uexp" 36
"../../../Engine/Content/EngineFonts/Faces/RobotoBold.uasset" 37
"../../../Engine/Content/EngineFonts/Faces/RobotoBold.ufont" 38
"../../../Engine/Content/EngineFonts/Faces/RobotoRegular.uexp" 39
"../../../Engine/Content/EngineFonts/Faces/RobotoRegular.uasset" 40
"../../../Engine/Content/EngineFonts/Faces/RobotoRegular.ufont" 41
"../../../Engine/Content/EngineFonts/Faces/DroidSansFallback.uexp" 42
"../../../Engine/Content/EngineFonts/Faces/DroidSansFallback.uasset" 43
"../../../Engine/Content/EngineFonts/Faces/DroidSansFallback.ufont" 44
"../../../Engine/Content/EngineFonts/Faces/RobotoItalic.uexp" 45
"../../../Engine/Content/EngineFonts/Faces/RobotoItalic.uasset" 46
"../../../Engine/Content/EngineFonts/Faces/RobotoItalic.ufont" 47
"../../../Engine/Content/EngineFonts/Faces/RobotoBoldItalic.uexp" 48
"../../../Engine/Content/EngineFonts/Faces/RobotoBoldItalic.uasset" 49
"../../../Engine/Content/EngineFonts/Faces/RobotoBoldItalic.ufont" 50
"../../../Engine/Content/EngineFonts/Roboto.uasset" 51
"../../../Engine/Content/EngineFonts/Roboto.uexp" 52
"../../../Engine/Content/MobileResources/HUD/VirtualJoystick_Background.uasset" 53
"../../../Engine/Content/MobileResources/HUD/VirtualJoystick_Background.uexp" 54
"../../../Engine/Content/MobileResources/HUD/VirtualJoystick_Thumb.uasset" 55
"../../../Engine/Content/MobileResources/HUD/VirtualJoystick_Thumb.uexp" 56
"../../../Engine/Content/MobileResources/HUD/DefaultVirtualJoysticks.uasset" 57
"../../../Engine/Content/MobileResources/HUD/DefaultVirtualJoysticks.uexp" 58
"../../../Engine/Content/EditorResources/S_Actor.ubulk" 59
"../../../Engine/Content/EditorResources/S_Actor.uasset" 60
"../../../Engine/Content/EditorResources/S_Actor.uexp" 61
"../../../Engine/Content/EditorResources/S_BoxReflectionCapture.uasset" 62
"../../../Engine/Content/EditorResources/S_BoxReflectionCapture.uexp" 63
"../../../Engine/Content/EngineResources/DefaultTextureCube.uasset" 64
"../../../Engine/Content/EngineResources/DefaultTextureCube.uexp" 65
"../../../Engine/Content/EngineResources/DefaultVolumeTexture2D.uasset" 66
"../../../Engine/Content/EngineResources/DefaultVolumeTexture2D.uexp" 67
"../../../Engine/Content/EngineResources/DefaultVolumeTexture.uasset" 68
"../../../Engine/Content/EngineResources/DefaultVolumeTexture.uexp" 69
"../../../Engine/Content/EditorResources/S_Trigger.ubulk" 70
"../../../Engine/Content/EditorResources/S_Trigger.uasset" 71
"../../../Engine/Content/EditorResources/S_Trigger.uexp" 72
"../../../Engine/Content/EditorResources/S_TriggerBox.uasset" 73
"../../../Engine/Content/EditorResources/S_TriggerBox.uexp" 74
"../../../Engine/Content/EditorResources/S_TriggerCapsule.uasset" 75
"../../../Engine/Content/EditorResources/S_TriggerCapsule.uexp" 76
"../../../Engine/Content/EditorResources/S_TriggerSphere.uasset" 77
"../../../Engine/Content/EditorResources/S_TriggerSphere.uexp" 78
"../../../Engine/Content/EngineMeshes/Sphere.ubulk" 79
"../../../Engine/Content/EngineMeshes/Sphere.uasset" 80
"../../../Engine/Content/EngineMeshes/Sphere.uexp" 81
"../../../Engine/Plugins/Runtime/MeshModelingToolset/Content/Materials/M_DynamicMeshComponentVtxColor.uasset" 82
"../../../Engine/Plugins/Runtime/MeshModelingToolset/Content/Materials/M_DynamicMeshComponentVtxColor.uexp" 83
"../../../Engine/Plugins/Runtime/HairStrands/Content/Materials/HairMeshesDefaultMaterial.uasset" 84
"../../../Engine/Plugins/Runtime/HairStrands/Content/Materials/HairMeshesDefaultMaterial.uexp" 85
"../../../Engine/Plugins/Runtime/HairStrands/Content/Materials/HairDefaultMaterial.uasset" 86
"../../../Engine/Plugins/Runtime/HairStrands/Content/Materials/HairDefaultMaterial.uexp" 87
"../../../Engine/Plugins/Runtime/HairStrands/Content/Materials/HairGroupColors.uasset" 88
"../../../Engine/Plugins/Runtime/HairStrands/Content/Materials/HairGroupColors.uexp" 89
"../../../Engine/Content/Functions/Engine_MaterialFunctions02/Utility/MakeFloat2.uasset" 90
"../../../Engine/Content/Functions/Engine_MaterialFunctions02/Utility/MakeFloat2.uexp" 91
"../../../Engine/Content/Functions/Engine_MaterialFunctions02/Utility/MakeFloat3.uasset" 92
"../../../Engine/Content/Functions/Engine_MaterialFunctions02/Utility/MakeFloat3.uexp" 93
"../../../Engine/Content/EngineMaterials/HairColorMap.uasset" 94
"../../../Engine/Content/EngineMaterials/HairColorMap.uexp" 95
"../../../Engine/Content/EngineMaterials/HairDebugColor.uasset" 96
"../../../Engine/Content/EngineMaterials/HairDebugColor.uexp" 97
"../../../Engine/Plugins/Runtime/HairStrands/Content/Materials/HairDebugMaterial.uasset" 98
"../../../Engine/Plugins/Runtime/HairStrands/Content/Materials/HairDebugMaterial.uexp" 99
"../../../Engine/Plugins/Runtime/HairStrands/Content/Materials/HairCardsDefaultMaterial.uasset" 100
"../../../Engine/Plugins/Runtime/HairStrands/Content/Materials/HairCardsDefaultMaterial.uexp" 101
"../../../Engine/Plugins/Runtime/AudioWidgets/Content/Resources/ScrubHandleDown_Clamped.uasset" 102
"../../../Engine/Plugins/Runtime/AudioWidgets/Content/Resources/ScrubHandleDown_Clamped.uexp" 103
"../../../Engine/Content/Functions/Engine_MaterialFunctions02/Texturing/CustomRotator.uasset" 104
"../../../Engine/Content/Functions/Engine_MaterialFunctions02/Texturing/CustomRotator.uexp" 105
"../../../Engine/Content/Functions/Engine_MaterialFunctions02/Utility/BreakOutFloat2Components.uasset" 106
"../../../Engine/Content/Functions/Engine_MaterialFunctions02/Utility/BreakOutFloat2Components.uexp" 107
"../../../Engine/Content/Functions/Engine_MaterialFunctions01/Texturing/ScaleUVsByCenter.uasset" 108
"../../../Engine/Content/Functions/Engine_MaterialFunctions01/Texturing/ScaleUVsByCenter.uexp" 109
"../../../Engine/Plugins/Runtime/AudioWidgets/Content/AudioMaterialSlate/Functions/MF_SingleLine_Smooth.uasset" 110
"../../../Engine/Plugins/Runtime/AudioWidgets/Content/AudioMaterialSlate/Functions/MF_SingleLine_Smooth.uexp" 111
"../../../Engine/Plugins/Runtime/AudioWidgets/Content/AudioMaterialSlate/Functions/MF_AngleGradient.uasset" 112
"../../../Engine/Plugins/Runtime/AudioWidgets/Content/AudioMaterialSlate/Functions/MF_AngleGradient.uexp" 113
"../../../Engine/Plugins/Runtime/AudioWidgets/Content/AudioMaterialSlate/Functions/MF_SingleLine.uasset" 114
"../../../Engine/Plugins/Runtime/AudioWidgets/Content/AudioMaterialSlate/Functions/MF_SingleLine.uexp" 115
"../../../Engine/Content/Functions/Engine_MaterialFunctions01/Gradient/SphereGradient-2D.uasset" 116
"../../../Engine/Content/Functions/Engine_MaterialFunctions01/Gradient/SphereGradient-2D.uexp" 117
"../../../Engine/Plugins/Runtime/AudioWidgets/Content/AudioMaterialSlate/M_AudioMaterialToggleButton.uasset" 118
"../../../Engine/Plugins/Runtime/AudioWidgets/Content/AudioMaterialSlate/M_AudioMaterialToggleButton.uexp" 119
"../../../Engine/Plugins/Runtime/AudioWidgets/Content/AudioMaterialSlate/MI_AudioMaterialToggleButton.uasset" 120
"../../../Engine/Plugins/Runtime/AudioWidgets/Content/AudioMaterialSlate/MI_AudioMaterialToggleButton.uexp" 121
"../../../Engine/Content/Functions/Engine_MaterialFunctions02/Utility/VectorLength.uasset" 122
"../../../Engine/Content/Functions/Engine_MaterialFunctions02/Utility/VectorLength.uexp" 123
"../../../Engine/Content/Functions/Engine_MaterialFunctions01/Gradient/GeneratedRoundRect.uasset" 124
"../../../Engine/Content/Functions/Engine_MaterialFunctions01/Gradient/GeneratedRoundRect.uexp" 125
"../../../Engine/Plugins/Runtime/AudioWidgets/Content/AudioMaterialSlate/M_AudioMaterialRoundedSlider.uasset" 126
"../../../Engine/Plugins/Runtime/AudioWidgets/Content/AudioMaterialSlate/M_AudioMaterialRoundedSlider.uexp" 127
"../../../Engine/Plugins/Runtime/AudioWidgets/Content/AudioMaterialSlate/MI_AudioMaterialRoundedSlider.uasset" 128
"../../../Engine/Plugins/Runtime/AudioWidgets/Content/AudioMaterialSlate/MI_AudioMaterialRoundedSlider.uexp" 129
"../../../Engine/Plugins/Runtime/AudioWidgets/Content/AudioMaterialSlate/Functions/MF_Lines.uasset" 130
"../../../Engine/Plugins/Runtime/AudioWidgets/Content/AudioMaterialSlate/Functions/MF_Lines.uexp" 131
"../../../Engine/Content/Functions/Engine_MaterialFunctions02/Lerp_3Color.uasset" 132
"../../../Engine/Content/Functions/Engine_MaterialFunctions02/Lerp_3Color.uexp" 133
"../../../Engine/Plugins/Runtime/AudioWidgets/Content/AudioMaterialSlate/M_AudioMaterialMeter.uasset" 134
"../../../Engine/Plugins/Runtime/AudioWidgets/Content/AudioMaterialSlate/M_AudioMaterialMeter.uexp" 135
"../../../Engine/Plugins/Runtime/AudioWidgets/Content/AudioMaterialSlate/MI_AudioMaterialMeter.uasset" 136
"../../../Engine/Plugins/Runtime/AudioWidgets/Content/AudioMaterialSlate/MI_AudioMaterialMeter.uexp" 137
"../../../Engine/Plugins/Runtime/AudioWidgets/Content/AudioMaterialSlate/M_AudioMaterialKnob.uasset" 138
"../../../Engine/Plugins/Runtime/AudioWidgets/Content/AudioMaterialSlate/M_AudioMaterialKnob.uexp" 139
"../../../Engine/Plugins/Runtime/AudioWidgets/Content/AudioMaterialSlate/MI_AudioMaterialKnob.uasset" 140
"../../../Engine/Plugins/Runtime/AudioWidgets/Content/AudioMaterialSlate/MI_AudioMaterialKnob.uexp" 141
"../../../Engine/Plugins/Runtime/AudioWidgets/Content/AudioMaterialSlate/Functions/MF_DotOutlined.uasset" 142
"../../../Engine/Plugins/Runtime/AudioWidgets/Content/AudioMaterialSlate/Functions/MF_DotOutlined.uexp" 143
"../../../Engine/Plugins/Runtime/AudioWidgets/Content/AudioMaterialSlate/M_AudioMaterialEnvelope_ADSR.uasset" 144
"../../../Engine/Plugins/Runtime/AudioWidgets/Content/AudioMaterialSlate/M_AudioMaterialEnvelope_ADSR.uexp" 145
"../../../Engine/Plugins/Runtime/AudioWidgets/Content/AudioMaterialSlate/MI_AudioMaterialEnvelope_ADSR.uasset" 146
"../../../Engine/Plugins/Runtime/AudioWidgets/Content/AudioMaterialSlate/MI_AudioMaterialEnvelope_ADSR.uexp" 147
"../../../Engine/Plugins/NNE/NNEDenoiser/Content/NNEDTOM_Output_Default.uasset" 148
"../../../Engine/Plugins/NNE/NNEDenoiser/Content/NNEDTOM_Output_Default.uexp" 149
"../../../Engine/Plugins/NNE/NNEDenoiser/Content/NNEDTOM_Output_Alpha.uasset" 150
"../../../Engine/Plugins/NNE/NNEDenoiser/Content/NNEDTOM_Output_Alpha.uexp" 151
"../../../Engine/Plugins/NNE/NNEDenoiser/Content/NNEDTIM_ColorAlbedoNormal_Default.uasset" 152
"../../../Engine/Plugins/NNE/NNEDenoiser/Content/NNEDTIM_ColorAlbedoNormal_Default.uexp" 153
"../../../Engine/Plugins/NNE/NNEDenoiser/Content/NNEDTIM_ColorAlbedoNormal_Alpha.uasset" 154
"../../../Engine/Plugins/NNE/NNEDenoiser/Content/NNEDTIM_ColorAlbedoNormal_Alpha.uexp" 155
"../../../Engine/Plugins/NNE/NNEDenoiser/Content/NNEDOM_Output_Default.uasset" 156
"../../../Engine/Plugins/NNE/NNEDenoiser/Content/NNEDOM_Output_Default.uexp" 157
"../../../Engine/Plugins/NNE/NNEDenoiser/Content/NNEDOM_Output_Alpha.uasset" 158
"../../../Engine/Plugins/NNE/NNEDenoiser/Content/NNEDOM_Output_Alpha.uexp" 159
"../../../Engine/Plugins/NNE/NNEDenoiser/Content/NNEDIM_HighQuality_Default.uasset" 160
"../../../Engine/Plugins/NNE/NNEDenoiser/Content/NNEDIM_HighQuality_Default.uexp" 161
"../../../Engine/Plugins/NNE/NNEDenoiser/Content/NNEDIM_HighQuality_Alpha.uasset" 162
"../../../Engine/Plugins/NNE/NNEDenoiser/Content/NNEDIM_HighQuality_Alpha.uexp" 163
"../../../Engine/Plugins/NNE/NNEDenoiser/Content/NNEDIM_ColorAlbedoNormal_Default.uasset" 164
"../../../Engine/Plugins/NNE/NNEDenoiser/Content/NNEDIM_ColorAlbedoNormal_Default.uexp" 165
"../../../Engine/Plugins/NNE/NNEDenoiser/Content/NNEDIM_ColorAlbedoNormal_Alpha.uasset" 166
"../../../Engine/Plugins/NNE/NNEDenoiser/Content/NNEDIM_ColorAlbedoNormal_Alpha.uexp" 167
"../../../Engine/Content/EngineMaterials/T_Default_Material_Grid_M.ubulk" 168
"../../../Engine/Content/EngineMaterials/T_Default_Material_Grid_M.uasset" 169
"../../../Engine/Content/EngineMaterials/T_Default_Material_Grid_M.uexp" 170
"../../../Engine/Content/EngineMaterials/T_Default_Material_Grid_N.ubulk" 171
"../../../Engine/Content/EngineMaterials/T_Default_Material_Grid_N.uasset" 172
"../../../Engine/Content/EngineMaterials/T_Default_Material_Grid_N.uexp" 173
"../../../Engine/Content/Functions/Engine_MaterialFunctions01/Opacity/CameraDepthFade.uasset" 174
"../../../Engine/Content/Functions/Engine_MaterialFunctions01/Opacity/CameraDepthFade.uexp" 175
"../../../Engine/Content/EngineMaterials/WorldGridMaterial.uasset" 176
"../../../Engine/Content/EngineMaterials/WorldGridMaterial.uexp" 177
"../../../Engine/Plugins/Media/MediaPlate/Content/SM_MediaPlateScreen.ubulk" 178
"../../../Engine/Plugins/Media/MediaPlate/Content/SM_MediaPlateScreen.uasset" 179
"../../../Engine/Plugins/Media/MediaPlate/Content/SM_MediaPlateScreen.uexp" 180
"../../../Engine/Plugins/Interchange/Assets/Content/Functions/MX_UsdPreviewSurface.uasset" 181
"../../../Engine/Plugins/Interchange/Assets/Content/Functions/MX_UsdPreviewSurface.uexp" 182
"../../../Engine/Plugins/Interchange/Assets/Content/Functions/MX_UniformEDF.uasset" 183
"../../../Engine/Plugins/Interchange/Assets/Content/Functions/MX_UniformEDF.uexp" 184
"../../../Engine/Plugins/Interchange/Assets/Content/Functions/MX_TranslucentBSDF.uasset" 185
"../../../Engine/Plugins/Interchange/Assets/Content/Functions/MX_TranslucentBSDF.uexp" 186
"../../../Engine/Plugins/Interchange/Assets/Content/Functions/MX_ThinFilmBSDF.uasset" 187
"../../../Engine/Plugins/Interchange/Assets/Content/Functions/MX_ThinFilmBSDF.uexp" 188
"../../../Engine/Plugins/Interchange/Assets/Content/Functions/MX_SurfaceUnlit.uasset" 189
"../../../Engine/Plugins/Interchange/Assets/Content/Functions/MX_SurfaceUnlit.uexp" 190
"../../../Engine/Plugins/Interchange/Assets/Content/Functions/MX_Surface.uasset" 191
"../../../Engine/Plugins/Interchange/Assets/Content/Functions/MX_Surface.uexp" 192
"../../../Engine/Plugins/Interchange/Assets/Content/Functions/MX_SubsurfaceBSDF.uasset" 193
"../../../Engine/Plugins/Interchange/Assets/Content/Functions/MX_SubsurfaceBSDF.uexp" 194
"../../../Engine/Plugins/Interchange/Assets/Content/Functions/MX_SheenBSDF.uasset" 195
"../../../Engine/Plugins/Interchange/Assets/Content/Functions/MX_SheenBSDF.uexp" 196
"../../../Engine/Plugins/Interchange/Assets/Content/Functions/MX_OrenNayarBSDF.uasset" 197
"../../../Engine/Plugins/Interchange/Assets/Content/Functions/MX_OrenNayarBSDF.uexp" 198
"../../../Engine/Plugins/Interchange/Assets/Content/Utilities/New_LUT.uasset" 199
"../../../Engine/Plugins/Interchange/Assets/Content/Utilities/New_LUT.uexp" 200
"../../../Engine/Content/Functions/Engine_MaterialFunctions03/Math/RemapValueRange.uasset" 201
"../../../Engine/Content/Functions/Engine_MaterialFunctions03/Math/RemapValueRange.uexp" 202
"../../../Engine/Plugins/Interchange/Assets/Content/Functions/MF_Iridescence.uasset" 203
"../../../Engine/Plugins/Interchange/Assets/Content/Functions/MF_Iridescence.uexp" 204
"../../../Engine/Plugins/Interchange/Assets/Content/Functions/MX_StandardSurface.uasset" 205
"../../../Engine/Plugins/Interchange/Assets/Content/Functions/MX_StandardSurface.uexp" 206
"../../../Engine/Plugins/Interchange/Assets/Content/Functions/MX_TransmissionSurface.uasset" 207
"../../../Engine/Plugins/Interchange/Assets/Content/Functions/MX_TransmissionSurface.uexp" 208
"../../../Engine/Plugins/Interchange/Assets/Content/Functions/MX_OpenPBR_Translucent.uasset" 209
"../../../Engine/Plugins/Interchange/Assets/Content/Functions/MX_OpenPBR_Translucent.uexp" 210
"../../../Engine/Plugins/Interchange/Assets/Content/Functions/MX_OpenPBR_Opaque.uasset" 211
"../../../Engine/Plugins/Interchange/Assets/Content/Functions/MX_OpenPBR_Opaque.uexp" 212
"../../../Engine/Plugins/Interchange/Assets/Content/Functions/MX_MeasuredEDF.uasset" 213
"../../../Engine/Plugins/Interchange/Assets/Content/Functions/MX_MeasuredEDF.uexp" 214
"../../../Engine/Plugins/Interchange/Assets/Content/Functions/MX_GeneralizedSchlickBSDF.uasset" 215
"../../../Engine/Plugins/Interchange/Assets/Content/Functions/MX_GeneralizedSchlickBSDF.uexp" 216
"../../../Engine/Plugins/Interchange/Assets/Content/Functions/MX_DielectricBSDF.uasset" 217
"../../../Engine/Plugins/Interchange/Assets/Content/Functions/MX_DielectricBSDF.uexp" 218
"../../../Engine/Plugins/Interchange/Assets/Content/Functions/MX_ConicalEDF.uasset" 219
"../../../Engine/Plugins/Interchange/Assets/Content/Functions/MX_ConicalEDF.uexp" 220
"../../../Engine/Plugins/Interchange/Assets/Content/Functions/MX_ConductorBSDF.uasset" 221
"../../../Engine/Plugins/Interchange/Assets/Content/Functions/MX_ConductorBSDF.uexp" 222
"../../../Engine/Plugins/Interchange/Assets/Content/Functions/MX_BurleyDiffuseBSDF.uasset" 223
"../../../Engine/Plugins/Interchange/Assets/Content/Functions/MX_BurleyDiffuseBSDF.uexp" 224
"../../../Engine/Plugins/Interchange/Assets/Content/Functions/MX_AnisotropicVDF.uasset" 225
"../../../Engine/Plugins/Interchange/Assets/Content/Functions/MX_AnisotropicVDF.uexp" 226
"../../../Engine/Plugins/Interchange/Assets/Content/Functions/MX_AbsorptionVDF.uasset" 227
"../../../Engine/Plugins/Interchange/Assets/Content/Functions/MX_AbsorptionVDF.uexp" 228
"../../../Engine/Plugins/Editor/SpeedTreeImporter/Content/SpeedTree9/game_wind_noise.ubulk" 229
"../../../Engine/Plugins/Editor/SpeedTreeImporter/Content/SpeedTree9/game_wind_noise.uasset" 230
"../../../Engine/Plugins/Editor/SpeedTreeImporter/Content/SpeedTree9/game_wind_noise.uexp" 231
"../../../Engine/Plugins/Editor/SpeedTreeImporter/Content/SpeedTree9/UnpackDirection.uasset" 232
"../../../Engine/Plugins/Editor/SpeedTreeImporter/Content/SpeedTree9/UnpackDirection.uexp" 233
"../../../Engine/Content/Functions/Engine_MaterialFunctions02/ObjectLocalBounds.uasset" 234
"../../../Engine/Content/Functions/Engine_MaterialFunctions02/ObjectLocalBounds.uexp" 235
"../../../Engine/Content/Functions/Engine_MaterialFunctions02/Utility/BreakOutFloat3Components.uasset" 236
"../../../Engine/Content/Functions/Engine_MaterialFunctions02/Utility/BreakOutFloat3Components.uexp" 237
"../../../Engine/Content/Functions/Engine_MaterialFunctions02/UVs/BoundingBoxBased_0-1_UVW.uasset" 238
"../../../Engine/Content/Functions/Engine_MaterialFunctions02/UVs/BoundingBoxBased_0-1_UVW.uexp" 239
"../../../Engine/Plugins/Editor/SpeedTreeImporter/Content/SpeedTree9/UnpackInteger3.uasset" 240
"../../../Engine/Plugins/Editor/SpeedTreeImporter/Content/SpeedTree9/UnpackInteger3.uexp" 241
"../../../Engine/Plugins/Editor/SpeedTreeImporter/Content/SpeedTree9/SpeedTreeCameraFacing.uasset" 242
"../../../Engine/Plugins/Editor/SpeedTreeImporter/Content/SpeedTree9/SpeedTreeCameraFacing.uexp" 243
"../../../Engine/Content/Functions/Engine_MaterialFunctions02/WorldPositionOffset/ObjectScale.uasset" 244
"../../../Engine/Content/Functions/Engine_MaterialFunctions02/WorldPositionOffset/ObjectScale.uexp" 245
"../../../Engine/Content/Functions/Engine_MaterialFunctions02/SafeNormalize.uasset" 246
"../../../Engine/Content/Functions/Engine_MaterialFunctions02/SafeNormalize.uexp" 247
"../../../Engine/Plugins/Editor/SpeedTreeImporter/Content/SpeedTree9/SpeedTreeWindMotion.uasset" 248
"../../../Engine/Plugins/Editor/SpeedTreeImporter/Content/SpeedTree9/SpeedTreeWindMotion.uexp" 249
"../../../Engine/Plugins/Editor/SpeedTreeImporter/Content/SpeedTree9/SpeedTreeBranchMotion.uasset" 250
"../../../Engine/Plugins/Editor/SpeedTreeImporter/Content/SpeedTree9/SpeedTreeBranchMotion.uexp" 251
"../../../Engine/Plugins/Editor/SpeedTreeImporter/Content/SpeedTree9/SpeedTreeWind.uasset" 252
"../../../Engine/Plugins/Editor/SpeedTreeImporter/Content/SpeedTree9/SpeedTreeWind.uexp" 253
"../../../Engine/Plugins/Editor/SpeedTreeImporter/Content/SpeedTree9/EmptyNormal.uasset" 254
"../../../Engine/Plugins/Editor/SpeedTreeImporter/Content/SpeedTree9/EmptyNormal.uexp" 255
"../../../Engine/Plugins/Editor/SpeedTreeImporter/Content/SpeedTree9/Empty.uasset" 256
"../../../Engine/Plugins/Editor/SpeedTreeImporter/Content/SpeedTree9/Empty.uexp" 257
"../../../Engine/Plugins/Editor/SpeedTreeImporter/Content/SpeedTree9/SpeedTreeMaster.uasset" 258
"../../../Engine/Plugins/Editor/SpeedTreeImporter/Content/SpeedTree9/SpeedTreeMaster.uexp" 259
"../../../Engine/Plugins/Editor/SpeedTreeImporter/Content/SpeedTree9/SpeedTreeBillboard.uasset" 260
"../../../Engine/Plugins/Editor/SpeedTreeImporter/Content/SpeedTree9/SpeedTreeBillboard.uexp" 261
"../../../Engine/Plugins/Editor/SpeedTreeImporter/Content/SpeedTree9/SpeedTreeBillboardMaster.uasset" 262
"../../../Engine/Plugins/Editor/SpeedTreeImporter/Content/SpeedTree9/SpeedTreeBillboardMaster.uexp" 263
"../../../Engine/Content/Functions/Engine_MaterialFunctions02/WorldPositionOffset/CameraOffset.uasset" 264
"../../../Engine/Content/Functions/Engine_MaterialFunctions02/WorldPositionOffset/CameraOffset.uexp" 265
"../../../Engine/Plugins/Animation/ControlRig/Content/M_Manip.uasset" 266
"../../../Engine/Plugins/Animation/ControlRig/Content/M_Manip.uexp" 267
"../../../Engine/Plugins/Animation/ControlRig/Content/Controls/ControlRig_Wedge_solid.ubulk" 268
"../../../Engine/Plugins/Animation/ControlRig/Content/Controls/ControlRig_Wedge_solid.uasset" 269
"../../../Engine/Plugins/Animation/ControlRig/Content/Controls/ControlRig_Wedge_solid.uexp" 270
"../../../Engine/Plugins/Animation/ControlRig/Content/Controls/ControlRig_Wedge_3mm.ubulk" 271
"../../../Engine/Plugins/Animation/ControlRig/Content/Controls/ControlRig_Wedge_3mm.uasset" 272
"../../../Engine/Plugins/Animation/ControlRig/Content/Controls/ControlRig_Wedge_3mm.uexp" 273
"../../../Engine/Plugins/Animation/ControlRig/Content/Controls/ControlRig_Wedge_1mm.ubulk" 274
"../../../Engine/Plugins/Animation/ControlRig/Content/Controls/ControlRig_Wedge_1mm.uasset" 275
"../../../Engine/Plugins/Animation/ControlRig/Content/Controls/ControlRig_Wedge_1mm.uexp" 276
"../../../Engine/Plugins/Animation/ControlRig/Content/Controls/ControlRig_Triangle_solid.ubulk" 277
"../../../Engine/Plugins/Animation/ControlRig/Content/Controls/ControlRig_Triangle_solid.uasset" 278
"../../../Engine/Plugins/Animation/ControlRig/Content/Controls/ControlRig_Triangle_solid.uexp" 279
"../../../Engine/Plugins/Animation/ControlRig/Content/Controls/ControlRig_Triangle_3mm.ubulk" 280
"../../../Engine/Plugins/Animation/ControlRig/Content/Controls/ControlRig_Triangle_3mm.uasset" 281
"../../../Engine/Plugins/Animation/ControlRig/Content/Controls/ControlRig_Triangle_3mm.uexp" 282
"../../../Engine/Plugins/Animation/ControlRig/Content/Controls/ControlRig_Triangle_1mm.ubulk" 283
"../../../Engine/Plugins/Animation/ControlRig/Content/Controls/ControlRig_Triangle_1mm.uasset" 284
"../../../Engine/Plugins/Animation/ControlRig/Content/Controls/ControlRig_Triangle_1mm.uexp" 285
"../../../Engine/Plugins/Animation/ControlRig/Content/Controls/ControlRig_Star4_solid.ubulk" 286
"../../../Engine/Plugins/Animation/ControlRig/Content/Controls/ControlRig_Star4_solid.uasset" 287
"../../../Engine/Plugins/Animation/ControlRig/Content/Controls/ControlRig_Star4_solid.uexp" 288
"../../../Engine/Plugins/Animation/ControlRig/Content/Controls/ControlRig_Star4_3mm.ubulk" 289
"../../../Engine/Plugins/Animation/ControlRig/Content/Controls/ControlRig_Star4_3mm.uasset" 290
"../../../Engine/Plugins/Animation/ControlRig/Content/Controls/ControlRig_Star4_3mm.uexp" 291
"../../../Engine/Plugins/Animation/ControlRig/Content/Controls/ControlRig_Star4_1mm.ubulk" 292
"../../../Engine/Plugins/Animation/ControlRig/Content/Controls/ControlRig_Star4_1mm.uasset" 293
"../../../Engine/Plugins/Animation/ControlRig/Content/Controls/ControlRig_Star4_1mm.uexp" 294
"../../../Engine/Plugins/Animation/ControlRig/Content/Controls/ControlRig_Square_solid.ubulk" 295
"../../../Engine/Plugins/Animation/ControlRig/Content/Controls/ControlRig_Square_solid.uasset" 296
"../../../Engine/Plugins/Animation/ControlRig/Content/Controls/ControlRig_Square_solid.uexp" 297
"../../../Engine/Plugins/Animation/ControlRig/Content/Controls/ControlRig_Square_3mm.ubulk" 298
"../../../Engine/Plugins/Animation/ControlRig/Content/Controls/ControlRig_Square_3mm.uasset" 299
"../../../Engine/Plugins/Animation/ControlRig/Content/Controls/ControlRig_Square_3mm.uexp" 300
"../../../Engine/Plugins/Animation/ControlRig/Content/Controls/ControlRig_Square_1mm.ubulk" 301
"../../../Engine/Plugins/Animation/ControlRig/Content/Controls/ControlRig_Square_1mm.uasset" 302
"../../../Engine/Plugins/Animation/ControlRig/Content/Controls/ControlRig_Square_1mm.uexp" 303
"../../../Engine/Plugins/Animation/ControlRig/Content/Controls/ControlRig_Sphere_solid.ubulk" 304
"../../../Engine/Plugins/Animation/ControlRig/Content/Controls/ControlRig_Sphere_solid.uasset" 305
"../../../Engine/Plugins/Animation/ControlRig/Content/Controls/ControlRig_Sphere_solid.uexp" 306
"../../../Engine/Plugins/Animation/ControlRig/Content/Controls/ControlRig_Sphere_3mm.ubulk" 307
"../../../Engine/Plugins/Animation/ControlRig/Content/Controls/ControlRig_Sphere_3mm.uasset" 308
"../../../Engine/Plugins/Animation/ControlRig/Content/Controls/ControlRig_Sphere_3mm.uexp" 309
"../../../Engine/Plugins/Animation/ControlRig/Content/Controls/ControlRig_Sphere_1mm.ubulk" 310
"../../../Engine/Plugins/Animation/ControlRig/Content/Controls/ControlRig_Sphere_1mm.uasset" 311
"../../../Engine/Plugins/Animation/ControlRig/Content/Controls/ControlRig_Sphere_1mm.uexp" 312
"../../../Engine/Plugins/Animation/ControlRig/Content/Controls/ControlRig_RoundedTriangle_solid.ubulk" 313
"../../../Engine/Plugins/Animation/ControlRig/Content/Controls/ControlRig_RoundedTriangle_solid.uasset" 314
"../../../Engine/Plugins/Animation/ControlRig/Content/Controls/ControlRig_RoundedTriangle_solid.uexp" 315
"../../../Engine/Plugins/Animation/ControlRig/Content/Controls/ControlRig_RoundedTriangle_3mm.ubulk" 316
"../../../Engine/Plugins/Animation/ControlRig/Content/Controls/ControlRig_RoundedTriangle_3mm.uasset" 317
"../../../Engine/Plugins/Animation/ControlRig/Content/Controls/ControlRig_RoundedTriangle_3mm.uexp" 318
"../../../Engine/Plugins/Animation/ControlRig/Content/Controls/ControlRig_RoundedTriangle_1mm.ubulk" 319
"../../../Engine/Plugins/Animation/ControlRig/Content/Controls/ControlRig_RoundedTriangle_1mm.uasset" 320
"../../../Engine/Plugins/Animation/ControlRig/Content/Controls/ControlRig_RoundedTriangle_1mm.uexp" 321
"../../../Engine/Plugins/Animation/ControlRig/Content/Controls/ControlRig_RoundedSquare_solid.ubulk" 322
"../../../Engine/Plugins/Animation/ControlRig/Content/Controls/ControlRig_RoundedSquare_solid.uasset" 323
"../../../Engine/Plugins/Animation/ControlRig/Content/Controls/ControlRig_RoundedSquare_solid.uexp" 324
"../../../Engine/Plugins/Animation/ControlRig/Content/Controls/ControlRig_RoundedSquare_3mm.ubulk" 325
"../../../Engine/Plugins/Animation/ControlRig/Content/Controls/ControlRig_RoundedSquare_3mm.uasset" 326
"../../../Engine/Plugins/Animation/ControlRig/Content/Controls/ControlRig_RoundedSquare_3mm.uexp" 327
"../../../Engine/Plugins/Animation/ControlRig/Content/Controls/ControlRig_RoundedSquare_1mm.ubulk" 328
"../../../Engine/Plugins/Animation/ControlRig/Content/Controls/ControlRig_RoundedSquare_1mm.uasset" 329
"../../../Engine/Plugins/Animation/ControlRig/Content/Controls/ControlRig_RoundedSquare_1mm.uexp" 330
"../../../Engine/Plugins/Animation/ControlRig/Content/Controls/ControlRig_QuarterCircle_solid.ubulk" 331
"../../../Engine/Plugins/Animation/ControlRig/Content/Controls/ControlRig_QuarterCircle_solid.uasset" 332
"../../../Engine/Plugins/Animation/ControlRig/Content/Controls/ControlRig_QuarterCircle_solid.uexp" 333
"../../../Engine/Plugins/Animation/ControlRig/Content/Controls/ControlRig_QuarterCircle_3mm.ubulk" 334
"../../../Engine/Plugins/Animation/ControlRig/Content/Controls/ControlRig_QuarterCircle_3mm.uasset" 335
"../../../Engine/Plugins/Animation/ControlRig/Content/Controls/ControlRig_QuarterCircle_3mm.uexp" 336
"../../../Engine/Plugins/Animation/ControlRig/Content/Controls/ControlRig_QuarterCircle_1mm.ubulk" 337
"../../../Engine/Plugins/Animation/ControlRig/Content/Controls/ControlRig_QuarterCircle_1mm.uasset" 338
"../../../Engine/Plugins/Animation/ControlRig/Content/Controls/ControlRig_QuarterCircle_1mm.uexp" 339
"../../../Engine/Plugins/Animation/ControlRig/Content/Controls/ControlRig_Pyramid_solid.ubulk" 340
"../../../Engine/Plugins/Animation/ControlRig/Content/Controls/ControlRig_Pyramid_solid.uasset" 341
"../../../Engine/Plugins/Animation/ControlRig/Content/Controls/ControlRig_Pyramid_solid.uexp" 342
"../../../Engine/Plugins/Animation/ControlRig/Content/Controls/ControlRig_Pyramid_3mm.ubulk" 343
"../../../Engine/Plugins/Animation/ControlRig/Content/Controls/ControlRig_Pyramid_3mm.uasset" 344
"../../../Engine/Plugins/Animation/ControlRig/Content/Controls/ControlRig_Pyramid_3mm.uexp" 345
"../../../Engine/Plugins/Animation/ControlRig/Content/Controls/ControlRig_Pyramid_1mm.ubulk" 346
"../../../Engine/Plugins/Animation/ControlRig/Content/Controls/ControlRig_Pyramid_1mm.uasset" 347
"../../../Engine/Plugins/Animation/ControlRig/Content/Controls/ControlRig_Pyramid_1mm.uexp" 348
"../../../Engine/Plugins/Animation/ControlRig/Content/Controls/ControlRig_Octagon_solid.ubulk" 349
"../../../Engine/Plugins/Animation/ControlRig/Content/Controls/ControlRig_Octagon_solid.uasset" 350
"../../../Engine/Plugins/Animation/ControlRig/Content/Controls/ControlRig_Octagon_solid.uexp" 351
"../../../Engine/Plugins/Animation/ControlRig/Content/Controls/ControlRig_Octagon_3mm.ubulk" 352
"../../../Engine/Plugins/Animation/ControlRig/Content/Controls/ControlRig_Octagon_3mm.uasset" 353
"../../../Engine/Plugins/Animation/ControlRig/Content/Controls/ControlRig_Octagon_3mm.uexp" 354
"../../../Engine/Plugins/Animation/ControlRig/Content/Controls/ControlRig_Octagon_1mm.ubulk" 355
"../../../Engine/Plugins/Animation/ControlRig/Content/Controls/ControlRig_Octagon_1mm.uasset" 356
"../../../Engine/Plugins/Animation/ControlRig/Content/Controls/ControlRig_Octagon_1mm.uexp" 357
"../../../Engine/Plugins/Animation/ControlRig/Content/Controls/ControlRig_Hexagon_solid.ubulk" 358
"../../../Engine/Plugins/Animation/ControlRig/Content/Controls/ControlRig_Hexagon_solid.uasset" 359
"../../../Engine/Plugins/Animation/ControlRig/Content/Controls/ControlRig_Hexagon_solid.uexp" 360
"../../../Engine/Plugins/Animation/ControlRig/Content/Controls/ControlRig_Hexagon_3mm.ubulk" 361
"../../../Engine/Plugins/Animation/ControlRig/Content/Controls/ControlRig_Hexagon_3mm.uasset" 362
"../../../Engine/Plugins/Animation/ControlRig/Content/Controls/ControlRig_Hexagon_3mm.uexp" 363
"../../../Engine/Plugins/Animation/ControlRig/Content/Controls/ControlRig_Hexagon_1mm.ubulk" 364
"../../../Engine/Plugins/Animation/ControlRig/Content/Controls/ControlRig_Hexagon_1mm.uasset" 365
"../../../Engine/Plugins/Animation/ControlRig/Content/Controls/ControlRig_Hexagon_1mm.uexp" 366
"../../../Engine/Plugins/Animation/ControlRig/Content/Controls/ControlRig_HalfCircle_solid.ubulk" 367
"../../../Engine/Plugins/Animation/ControlRig/Content/Controls/ControlRig_HalfCircle_solid.uasset" 368
"../../../Engine/Plugins/Animation/ControlRig/Content/Controls/ControlRig_HalfCircle_solid.uexp" 369
"../../../Engine/Plugins/Animation/ControlRig/Content/Controls/ControlRig_HalfCircle_3mm.ubulk" 370
"../../../Engine/Plugins/Animation/ControlRig/Content/Controls/ControlRig_HalfCircle_3mm.uasset" 371
"../../../Engine/Plugins/Animation/ControlRig/Content/Controls/ControlRig_HalfCircle_3mm.uexp" 372
"../../../Engine/Plugins/Animation/ControlRig/Content/Controls/ControlRig_HalfCircle_1mm.ubulk" 373
"../../../Engine/Plugins/Animation/ControlRig/Content/Controls/ControlRig_HalfCircle_1mm.uasset" 374
"../../../Engine/Plugins/Animation/ControlRig/Content/Controls/ControlRig_HalfCircle_1mm.uexp" 375
"../../../Engine/Plugins/Animation/ControlRig/Content/Controls/ControlRig_Diamond_solid.ubulk" 376
"../../../Engine/Plugins/Animation/ControlRig/Content/Controls/ControlRig_Diamond_solid.uasset" 377
"../../../Engine/Plugins/Animation/ControlRig/Content/Controls/ControlRig_Diamond_solid.uexp" 378
"../../../Engine/Plugins/Animation/ControlRig/Content/Controls/ControlRig_Diamond_3mm.ubulk" 379
"../../../Engine/Plugins/Animation/ControlRig/Content/Controls/ControlRig_Diamond_3mm.uasset" 380
"../../../Engine/Plugins/Animation/ControlRig/Content/Controls/ControlRig_Diamond_3mm.uexp" 381
"../../../Engine/Plugins/Animation/ControlRig/Content/Controls/ControlRig_Diamond_1mm.ubulk" 382
"../../../Engine/Plugins/Animation/ControlRig/Content/Controls/ControlRig_Diamond_1mm.uasset" 383
"../../../Engine/Plugins/Animation/ControlRig/Content/Controls/ControlRig_Diamond_1mm.uexp" 384
"../../../Engine/Plugins/Animation/ControlRig/Content/Controls/ControlRig_Circle_solid.ubulk" 385
"../../../Engine/Plugins/Animation/ControlRig/Content/Controls/ControlRig_Circle_solid.uasset" 386
"../../../Engine/Plugins/Animation/ControlRig/Content/Controls/ControlRig_Circle_solid.uexp" 387
"../../../Engine/Plugins/Animation/ControlRig/Content/Controls/ControlRig_Circle_3mm.ubulk" 388
"../../../Engine/Plugins/Animation/ControlRig/Content/Controls/ControlRig_Circle_3mm.uasset" 389
"../../../Engine/Plugins/Animation/ControlRig/Content/Controls/ControlRig_Circle_3mm.uexp" 390
"../../../Engine/Plugins/Animation/ControlRig/Content/Controls/ControlRig_Circle_1mm.ubulk" 391
"../../../Engine/Plugins/Animation/ControlRig/Content/Controls/ControlRig_Circle_1mm.uasset" 392
"../../../Engine/Plugins/Animation/ControlRig/Content/Controls/ControlRig_Circle_1mm.uexp" 393
"../../../Engine/Plugins/Animation/ControlRig/Content/Controls/ControlRig_Box_solid.ubulk" 394
"../../../Engine/Plugins/Animation/ControlRig/Content/Controls/ControlRig_Box_solid.uasset" 395
"../../../Engine/Plugins/Animation/ControlRig/Content/Controls/ControlRig_Box_solid.uexp" 396
"../../../Engine/Plugins/Animation/ControlRig/Content/Controls/ControlRig_Box_3mm.ubulk" 397
"../../../Engine/Plugins/Animation/ControlRig/Content/Controls/ControlRig_Box_3mm.uasset" 398
"../../../Engine/Plugins/Animation/ControlRig/Content/Controls/ControlRig_Box_3mm.uexp" 399
"../../../Engine/Plugins/Animation/ControlRig/Content/Controls/ControlRig_Box_1mm.ubulk" 400
"../../../Engine/Plugins/Animation/ControlRig/Content/Controls/ControlRig_Box_1mm.uasset" 401
"../../../Engine/Plugins/Animation/ControlRig/Content/Controls/ControlRig_Box_1mm.uexp" 402
"../../../Engine/Plugins/Animation/ControlRig/Content/Controls/ControlRig_Arrow_solid.ubulk" 403
"../../../Engine/Plugins/Animation/ControlRig/Content/Controls/ControlRig_Arrow_solid.uasset" 404
"../../../Engine/Plugins/Animation/ControlRig/Content/Controls/ControlRig_Arrow_solid.uexp" 405
"../../../Engine/Plugins/Animation/ControlRig/Content/Controls/ControlRig_Arrow_3mm.ubulk" 406
"../../../Engine/Plugins/Animation/ControlRig/Content/Controls/ControlRig_Arrow_3mm.uasset" 407
"../../../Engine/Plugins/Animation/ControlRig/Content/Controls/ControlRig_Arrow_3mm.uexp" 408
"../../../Engine/Plugins/Animation/ControlRig/Content/Controls/ControlRig_Arrow_1mm.ubulk" 409
"../../../Engine/Plugins/Animation/ControlRig/Content/Controls/ControlRig_Arrow_1mm.uasset" 410
"../../../Engine/Plugins/Animation/ControlRig/Content/Controls/ControlRig_Arrow_1mm.uexp" 411
"../../../Engine/Plugins/Animation/ControlRig/Content/Controls/ControlRig_Arrow4_solid.ubulk" 412
"../../../Engine/Plugins/Animation/ControlRig/Content/Controls/ControlRig_Arrow4_solid.uasset" 413
"../../../Engine/Plugins/Animation/ControlRig/Content/Controls/ControlRig_Arrow4_solid.uexp" 414
"../../../Engine/Plugins/Animation/ControlRig/Content/Controls/ControlRig_Arrow4_3mm.ubulk" 415
"../../../Engine/Plugins/Animation/ControlRig/Content/Controls/ControlRig_Arrow4_3mm.uasset" 416
"../../../Engine/Plugins/Animation/ControlRig/Content/Controls/ControlRig_Arrow4_3mm.uexp" 417
"../../../Engine/Plugins/Animation/ControlRig/Content/Controls/ControlRig_Arrow4_1mm.ubulk" 418
"../../../Engine/Plugins/Animation/ControlRig/Content/Controls/ControlRig_Arrow4_1mm.uasset" 419
"../../../Engine/Plugins/Animation/ControlRig/Content/Controls/ControlRig_Arrow4_1mm.uexp" 420
"../../../Engine/Plugins/Animation/ControlRig/Content/Controls/ControlRig_Arrow2_solid.ubulk" 421
"../../../Engine/Plugins/Animation/ControlRig/Content/Controls/ControlRig_Arrow2_solid.uasset" 422
"../../../Engine/Plugins/Animation/ControlRig/Content/Controls/ControlRig_Arrow2_solid.uexp" 423
"../../../Engine/Plugins/Animation/ControlRig/Content/Controls/ControlRig_Arrow2_3mm.ubulk" 424
"../../../Engine/Plugins/Animation/ControlRig/Content/Controls/ControlRig_Arrow2_3mm.uasset" 425
"../../../Engine/Plugins/Animation/ControlRig/Content/Controls/ControlRig_Arrow2_3mm.uexp" 426
"../../../Engine/Plugins/Animation/ControlRig/Content/Controls/ControlRig_Arrow2_1mm.ubulk" 427
"../../../Engine/Plugins/Animation/ControlRig/Content/Controls/ControlRig_Arrow2_1mm.uasset" 428
"../../../Engine/Plugins/Animation/ControlRig/Content/Controls/ControlRig_Arrow2_1mm.uexp" 429
"../../../Engine/Plugins/Animation/ControlRig/Content/Controls/ControlRigXRayMaterial.uasset" 430
"../../../Engine/Plugins/Animation/ControlRig/Content/Controls/ControlRigXRayMaterial.uexp" 431
"../../../Engine/Plugins/Animation/ControlRig/Content/Controls/ControlRigGizmoMaterial.uasset" 432
"../../../Engine/Plugins/Animation/ControlRig/Content/Controls/ControlRigGizmoMaterial.uexp" 433
"../../../Engine/Plugins/2D/Paper2D/Content/DefaultSpriteMaterial.uasset" 434
"../../../Engine/Plugins/2D/Paper2D/Content/DefaultSpriteMaterial.uexp" 435
"../../../Engine/Plugins/2D/Paper2D/Content/OpaqueUnlitSpriteMaterial.uasset" 436
"../../../Engine/Plugins/2D/Paper2D/Content/OpaqueUnlitSpriteMaterial.uexp" 437
"../../../Engine/Plugins/2D/Paper2D/Content/MaskedUnlitSpriteMaterial.uasset" 438
"../../../Engine/Plugins/2D/Paper2D/Content/MaskedUnlitSpriteMaterial.uexp" 439
"../../../Engine/Content/EngineResources/GradientTexture0.uasset" 440
"../../../Engine/Content/EngineResources/GradientTexture0.uexp" 441
"../../../Engine/Content/EngineResources/Black.uasset" 442
"../../../Engine/Content/EngineResources/Black.uexp" 443
"../../../Engine/Content/EngineResources/WhiteSquareTexture.uasset" 444
"../../../Engine/Content/EngineResources/WhiteSquareTexture.uexp" 445
"../../../Engine/Content/EngineMaterials/Widget3DPassThrough.uasset" 446
"../../../Engine/Content/EngineMaterials/Widget3DPassThrough.uexp" 447
"../../../Engine/Content/EngineMaterials/Widget3DPassThrough_Translucent.uasset" 448
"../../../Engine/Content/EngineMaterials/Widget3DPassThrough_Translucent.uexp" 449
"../../../Engine/Content/EngineMaterials/Widget3DPassThrough_Translucent_OneSided.uasset" 450
"../../../Engine/Content/EngineMaterials/Widget3DPassThrough_Translucent_OneSided.uexp" 451
"../../../Engine/Content/EngineMaterials/Widget3DPassThrough_Opaque.uasset" 452
"../../../Engine/Content/EngineMaterials/Widget3DPassThrough_Opaque.uexp" 453
"../../../Engine/Content/EngineMaterials/Widget3DPassThrough_Opaque_OneSided.uasset" 454
"../../../Engine/Content/EngineMaterials/Widget3DPassThrough_Opaque_OneSided.uexp" 455
"../../../Engine/Content/EngineMaterials/Widget3DPassThrough_Masked_OneSided.uasset" 456
"../../../Engine/Content/EngineMaterials/Widget3DPassThrough_Masked_OneSided.uexp" 457
"../../../Engine/Content/EngineMaterials/Widget3DPassThrough_Masked.uasset" 458
"../../../Engine/Content/EngineMaterials/Widget3DPassThrough_Masked.uexp" 459
"../../../Engine/Content/EngineMaterials/WeightMapPlaceholderTexture.uasset" 460
"../../../Engine/Content/EngineMaterials/WeightMapPlaceholderTexture.uexp" 461
"../../../Engine/Content/EngineMaterials/WeightMapArrayPlaceholderTexture.uasset" 462
"../../../Engine/Content/EngineMaterials/WeightMapArrayPlaceholderTexture.uexp" 463
"../../../Engine/Content/EngineMaterials/RemoveSurfaceMaterial.uasset" 464
"../../../Engine/Content/EngineMaterials/RemoveSurfaceMaterial.uexp" 465
"../../../Engine/Content/EngineMaterials/PreintegratedSkinBRDF.uasset" 466
"../../../Engine/Content/EngineMaterials/PreintegratedSkinBRDF.uexp" 467
"../../../Engine/Content/EngineMaterials/DefaultCalibrationGrayscale.uasset" 468
"../../../Engine/Content/EngineMaterials/DefaultCalibrationGrayscale.uexp" 469
"../../../Engine/Content/EngineMaterials/PPM_DefaultCalibrationGrayscale.uasset" 470
"../../../Engine/Content/EngineMaterials/PPM_DefaultCalibrationGrayscale.uexp" 471
"../../../Engine/Content/EngineMaterials/DefaultCalibrationColor.uasset" 472
"../../../Engine/Content/EngineMaterials/DefaultCalibrationColor.uexp" 473
"../../../Engine/Content/EngineMaterials/PPM_DefaultCalibrationColor.uasset" 474
"../../../Engine/Content/EngineMaterials/PPM_DefaultCalibrationColor.uexp" 475
"../../../Engine/Content/EngineMaterials/PhAT_JointLimitMaterial.uasset" 476
"../../../Engine/Content/EngineMaterials/PhAT_JointLimitMaterial.uexp" 477
"../../../Engine/Content/EngineMaterials/NaniteHiddenSectionMaterial.uasset" 478
"../../../Engine/Content/EngineMaterials/NaniteHiddenSectionMaterial.uexp" 479
"../../../Engine/Content/EngineMaterials/InvalidLightmapSettings.ubulk" 480
"../../../Engine/Content/EngineMaterials/InvalidLightmapSettings.uasset" 481
"../../../Engine/Content/EngineMaterials/InvalidLightmapSettings.uexp" 482
"../../../Engine/Content/EngineMaterials/M_InvalidLightmapSettings.uasset" 483
"../../../Engine/Content/EngineMaterials/M_InvalidLightmapSettings.uexp" 484
"../../../Engine/Content/EngineMaterials/MiniFont.uasset" 485
"../../../Engine/Content/EngineMaterials/MiniFont.uexp" 486
"../../../Engine/Content/EngineMaterials/GizmoMaterial.uasset" 487
"../../../Engine/Content/EngineMaterials/GizmoMaterial.uexp" 488
"../../../Engine/Content/EngineMaterials/BaseFlattenEmissiveMap_VT.uasset" 489
"../../../Engine/Content/EngineMaterials/BaseFlattenEmissiveMap_VT.uexp" 490
"../../../Engine/Content/EngineMaterials/BaseFlattenGrayscaleMap_VT.uasset" 491
"../../../Engine/Content/EngineMaterials/BaseFlattenGrayscaleMap_VT.uexp" 492
"../../../Engine/Content/EngineMaterials/BaseFlattenLinearColor_VT.uasset" 493
"../../../Engine/Content/EngineMaterials/BaseFlattenLinearColor_VT.uexp" 494
"../../../Engine/Content/EngineMaterials/Black_1x1_EXR_Texture_VT.uasset" 495
"../../../Engine/Content/EngineMaterials/Black_1x1_EXR_Texture_VT.uexp" 496
"../../../Engine/Content/EngineMaterials/BaseFlattenDiffuseMap_VT.uasset" 497
"../../../Engine/Content/EngineMaterials/BaseFlattenDiffuseMap_VT.uexp" 498
"../../../Engine/Content/EngineMaterials/BaseFlattenNormalMap_VT.uasset" 499
"../../../Engine/Content/EngineMaterials/BaseFlattenNormalMap_VT.uexp" 500
"../../../Engine/Content/EngineMaterials/FlattenMaterial_WS_Normal_VT.uasset" 501
"../../../Engine/Content/EngineMaterials/FlattenMaterial_WS_Normal_VT.uexp" 502
"../../../Engine/Content/EngineMaterials/FlattenMaterial_VT.uasset" 503
"../../../Engine/Content/EngineMaterials/FlattenMaterial_VT.uexp" 504
"../../../Engine/Content/EngineMaterials/BaseFlattenNormalMap.uasset" 505
"../../../Engine/Content/EngineMaterials/BaseFlattenNormalMap.uexp" 506
"../../../Engine/Content/EngineMaterials/BaseFlattenGrayscaleMap.uasset" 507
"../../../Engine/Content/EngineMaterials/BaseFlattenGrayscaleMap.uexp" 508
"../../../Engine/Content/EngineMaterials/BaseFlattenDiffuseMap.uasset" 509
"../../../Engine/Content/EngineMaterials/BaseFlattenDiffuseMap.uexp" 510
"../../../Engine/Content/Functions/Engine_MaterialFunctions02/PivotPainter2/Black_1x1_EXR_Texture.uasset" 511
"../../../Engine/Content/Functions/Engine_MaterialFunctions02/PivotPainter2/Black_1x1_EXR_Texture.uexp" 512
"../../../Engine/Content/EngineMaterials/BaseFlattenEmissiveMap.uasset" 513
"../../../Engine/Content/EngineMaterials/BaseFlattenEmissiveMap.uexp" 514
"../../../Engine/Content/EngineMaterials/BaseFlattenLinearColor.uasset" 515
"../../../Engine/Content/EngineMaterials/BaseFlattenLinearColor.uexp" 516
"../../../Engine/Content/EngineMaterials/FlattenMaterial.uasset" 517
"../../../Engine/Content/EngineMaterials/FlattenMaterial.uexp" 518
"../../../Engine/Content/EngineMaterials/FastBlueNoise_vec2_128x128x64.uasset" 519
"../../../Engine/Content/EngineMaterials/FastBlueNoise_vec2_128x128x64.uexp" 520
"../../../Engine/Content/EngineMaterials/FastBlueNoise_scalar_128x128x64.uasset" 521
"../../../Engine/Content/EngineMaterials/FastBlueNoise_scalar_128x128x64.uexp" 522
"../../../Engine/Content/EngineMaterials/DefaultWhiteGrid_Low.uasset" 523
"../../../Engine/Content/EngineMaterials/DefaultWhiteGrid_Low.uexp" 524
"../../../Engine/Content/EngineMaterials/EmissiveMeshMaterial.uasset" 525
"../../../Engine/Content/EngineMaterials/EmissiveMeshMaterial.uexp" 526
"../../../Engine/Content/EngineMaterials/DefaultWhiteGrid.ubulk" 527
"../../../Engine/Content/EngineMaterials/DefaultWhiteGrid.uasset" 528
"../../../Engine/Content/EngineMaterials/DefaultWhiteGrid.uexp" 529
"../../../Engine/Content/EngineFonts/RobotoDistanceField.uasset" 530
"../../../Engine/Content/EngineFonts/RobotoDistanceField.uexp" 531
"../../../Engine/Content/EngineMaterials/DefaultTextMaterialOpaque.uasset" 532
"../../../Engine/Content/EngineMaterials/DefaultTextMaterialOpaque.uexp" 533
"../../../Engine/Content/EngineMaterials/DefaultDiffuse.ubulk" 534
"../../../Engine/Content/EngineMaterials/DefaultDiffuse.uasset" 535
"../../../Engine/Content/EngineMaterials/DefaultDiffuse.uexp" 536
"../../../Engine/Content/EngineMaterials/DefaultPostProcessMaterial.uasset" 537
"../../../Engine/Content/EngineMaterials/DefaultPostProcessMaterial.uexp" 538
"../../../Engine/Content/EngineMaterials/DefaultLightFunctionMaterial.uasset" 539
"../../../Engine/Content/EngineMaterials/DefaultLightFunctionMaterial.uexp" 540
"../../../Engine/Content/EngineMaterials/DefaultDeferredDecalMaterial.uasset" 541
"../../../Engine/Content/EngineMaterials/DefaultDeferredDecalMaterial.uexp" 542
"../../../Engine/Content/EngineMaterials/DefaultBokeh.uasset" 543
"../../../Engine/Content/EngineMaterials/DefaultBokeh.uexp" 544
"../../../Engine/Content/EngineMaterials/DefaultBloomKernel.uasset" 545
"../../../Engine/Content/EngineMaterials/DefaultBloomKernel.uexp" 546
"../../../Engine/Content/Functions/Engine_MaterialFunctions02/Utility/CameraDirectionVector.uasset" 547
"../../../Engine/Content/Functions/Engine_MaterialFunctions02/Utility/CameraDirectionVector.uexp" 548
"../../../Engine/Content/EngineDebugMaterials/VolumeToRender.uasset" 549
"../../../Engine/Content/EngineDebugMaterials/VolumeToRender.uexp" 550
"../../../Engine/Content/EngineDebugMaterials/M_VolumeRenderSphereTracePP.uasset" 551
"../../../Engine/Content/EngineDebugMaterials/M_VolumeRenderSphereTracePP.uexp" 552
"../../../Engine/Content/EngineDebugMaterials/M_SimpleUnlitTranslucent.uasset" 553
"../../../Engine/Content/EngineDebugMaterials/M_SimpleUnlitTranslucent.uexp" 554
"../../../Engine/Content/EngineDebugMaterials/DebugMeshMaterial.uasset" 555
"../../../Engine/Content/EngineDebugMaterials/DebugMeshMaterial.uexp" 556
"../../../Engine/Content/EngineDebugMaterials/DebugEditorMaterial.uasset" 557
"../../../Engine/Content/EngineDebugMaterials/DebugEditorMaterial.uexp" 558
"../../../Engine/Content/EngineDamageTypes/DmgTypeBP_Environmental.uasset" 559
"../../../Engine/Content/EngineDamageTypes/DmgTypeBP_Environmental.uexp" 560
"../../../Engine/Content/EditorResources/S_Terrain.ubulk" 561
"../../../Engine/Content/EditorResources/S_Terrain.uasset" 562
"../../../Engine/Content/EditorResources/S_Terrain.uexp" 563
"../../../Engine/Content/EditorResources/S_Solver.ubulk" 564
"../../../Engine/Content/EditorResources/S_Solver.uasset" 565
"../../../Engine/Content/EditorResources/S_Solver.uexp" 566
"../../../Engine/Content/EditorResources/EmptyActor.uasset" 567
"../../../Engine/Content/EditorResources/EmptyActor.uexp" 568
"../../../Engine/Content/EditorResources/BSPVertex.uasset" 569
"../../../Engine/Content/EditorResources/BSPVertex.uexp" 570
"../../../Engine/Content/EditorMaterials/PreviewShadowIndicator.ubulk" 571
"../../../Engine/Content/EditorMaterials/PreviewShadowIndicator.uasset" 572
"../../../Engine/Content/EditorMaterials/PreviewShadowIndicator.uexp" 573
"../../../Engine/Content/EditorMaterials/PreviewShadowIndicatorMaterial.uasset" 574
"../../../Engine/Content/EditorMaterials/PreviewShadowIndicatorMaterial.uexp" 575
"../../../Engine/Content/EditorMaterials/PhAT_UnselectedMaterial.uasset" 576
"../../../Engine/Content/EditorMaterials/PhAT_UnselectedMaterial.uexp" 577
"../../../Engine/Content/EditorMaterials/PhAT_NoCollisionMaterial.uasset" 578
"../../../Engine/Content/EditorMaterials/PhAT_NoCollisionMaterial.uexp" 579
"../../../Engine/Content/EditorLandscapeResources/SplineEditorMeshMat.uasset" 580
"../../../Engine/Content/EditorLandscapeResources/SplineEditorMeshMat.uexp" 581
"../../../Engine/Content/EditorLandscapeResources/SplineEditorMesh.ubulk" 582
"../../../Engine/Content/EditorLandscapeResources/SplineEditorMesh.uasset" 583
"../../../Engine/Content/EditorLandscapeResources/SplineEditorMesh.uexp" 584
"../../../Engine/Content/EditorLandscapeResources/DefaultAlphaTexture.uasset" 585
"../../../Engine/Content/EditorLandscapeResources/DefaultAlphaTexture.uexp" 586
"../../../Engine/Content/EngineMaterials/DefaultMaterial.uasset" 587
"../../../Engine/Content/EngineMaterials/DefaultMaterial.uexp" 588
"../../../Engine/Content/BasicShapes/Sphere.ubulk" 589
"../../../Engine/Content/BasicShapes/Sphere.uasset" 590
"../../../Engine/Content/BasicShapes/Sphere.uexp" 591
"../../../Engine/Content/BasicShapes/Cylinder.ubulk" 592
"../../../Engine/Content/BasicShapes/Cylinder.uasset" 593
"../../../Engine/Content/BasicShapes/Cylinder.uexp" 594
"../../../Engine/Content/BasicShapes/Cone.ubulk" 595
"../../../Engine/Content/BasicShapes/Cone.uasset" 596
"../../../Engine/Content/BasicShapes/Cone.uexp" 597
"G:/UnrealProjects/GhostsVsThieves/GhostsVsThieves/Content/Art/Fonts/AlexBrush-Regular.uexp" 598
"G:/UnrealProjects/GhostsVsThieves/GhostsVsThieves/Content/Art/Fonts/AlexBrush-Regular.uasset" 599
"G:/UnrealProjects/GhostsVsThieves/GhostsVsThieves/Content/Art/Fonts/AlexBrush-Regular.ufont" 600
"G:/UnrealProjects/GhostsVsThieves/GhostsVsThieves/Content/Art/Fonts/AlexBrush-Regular_Font.uasset" 601
"G:/UnrealProjects/GhostsVsThieves/GhostsVsThieves/Content/Art/Fonts/AlexBrush-Regular_Font.uexp" 602
"G:/UnrealProjects/GhostsVsThieves/GhostsVsThieves/Content/Art/Tempimages/TempHHImage.uasset" 603
"G:/UnrealProjects/GhostsVsThieves/GhostsVsThieves/Content/Art/Tempimages/TempHHImage.uexp" 604
"G:/UnrealProjects/GhostsVsThieves/GhostsVsThieves/Content/UI/WBP_LoadingScreen.uasset" 605
"G:/UnrealProjects/GhostsVsThieves/GhostsVsThieves/Content/UI/WBP_LoadingScreen.uexp" 606
"G:/UnrealProjects/GhostsVsThieves/GhostsVsThieves/Content/Audio/AudioControllers/SC_Music.uasset" 607
"G:/UnrealProjects/GhostsVsThieves/GhostsVsThieves/Content/Audio/AudioControllers/SC_Music.uexp" 608
"G:/UnrealProjects/GhostsVsThieves/GhostsVsThieves/Content/Audio/AudioControllers/SC_SFX.uasset" 609
"G:/UnrealProjects/GhostsVsThieves/GhostsVsThieves/Content/Audio/AudioControllers/SC_SFX.uexp" 610
"G:/UnrealProjects/GhostsVsThieves/GhostsVsThieves/Content/Audio/AudioControllers/SC_Master.uasset" 611
"G:/UnrealProjects/GhostsVsThieves/GhostsVsThieves/Content/Audio/AudioControllers/SC_Master.uexp" 612
"G:/UnrealProjects/GhostsVsThieves/GhostsVsThieves/Content/Audio/AudioControllers/SMX_UserVolume.uasset" 613
"G:/UnrealProjects/GhostsVsThieves/GhostsVsThieves/Content/Audio/AudioControllers/SMX_UserVolume.uexp" 614
"G:/UnrealProjects/GhostsVsThieves/GhostsVsThieves/Content/Core/GameState/BP_GvTGameInstance.uasset" 615
"G:/UnrealProjects/GhostsVsThieves/GhostsVsThieves/Content/Core/GameState/BP_GvTGameInstance.uexp" 616
"../../../Engine/Plugins/Interchange/Assets/Content/gltf/Textures/T_White_srgb.uasset" 617
"../../../Engine/Plugins/Interchange/Assets/Content/gltf/Textures/T_White_srgb.uexp" 618
"../../../Engine/Plugins/Interchange/Assets/Content/gltf/MaterialFunctions/MF_BaseColor.uasset" 619
"../../../Engine/Plugins/Interchange/Assets/Content/gltf/MaterialFunctions/MF_BaseColor.uexp" 620
"../../../Engine/Plugins/Interchange/Assets/Content/gltf/MaterialFunctions/MF_RotateV2.uasset" 621
"../../../Engine/Plugins/Interchange/Assets/Content/gltf/MaterialFunctions/MF_RotateV2.uexp" 622
"../../../Engine/Plugins/Interchange/Assets/Content/gltf/MaterialFunctions/MF_TransformUVs.uasset" 623
"../../../Engine/Plugins/Interchange/Assets/Content/gltf/MaterialFunctions/MF_TransformUVs.uexp" 624
"../../../Engine/Plugins/Interchange/Assets/Content/gltf/MaterialBodies/MF_Unlit_Body.uasset" 625
"../../../Engine/Plugins/Interchange/Assets/Content/gltf/MaterialBodies/MF_Unlit_Body.uexp" 626
"../../../Engine/Plugins/Interchange/Assets/Content/gltf/M_Unlit.uasset" 627
"../../../Engine/Plugins/Interchange/Assets/Content/gltf/M_Unlit.uexp" 628
"../../../Engine/Plugins/Interchange/Assets/Content/gltf/MaterialInstances/MI_Unlit_Opaque_DS.uasset" 629
"../../../Engine/Plugins/Interchange/Assets/Content/gltf/MaterialInstances/MI_Unlit_Opaque_DS.uexp" 630
"../../../Engine/Plugins/Interchange/Assets/Content/gltf/MaterialInstances/MI_Unlit_Opaque.uasset" 631
"../../../Engine/Plugins/Interchange/Assets/Content/gltf/MaterialInstances/MI_Unlit_Opaque.uexp" 632
"../../../Engine/Plugins/Interchange/Assets/Content/gltf/MaterialInstances/MI_Unlit_Mask_DS.uasset" 633
"../../../Engine/Plugins/Interchange/Assets/Content/gltf/MaterialInstances/MI_Unlit_Mask_DS.uexp" 634
"../../../Engine/Plugins/Interchange/Assets/Content/gltf/MaterialInstances/MI_Unlit_Mask.uasset" 635
"../../../Engine/Plugins/Interchange/Assets/Content/gltf/MaterialInstances/MI_Unlit_Mask.uexp" 636
"../../../Engine/Plugins/Interchange/Assets/Content/gltf/MaterialInstances/MI_Unlit_Blend_DS.uasset" 637
"../../../Engine/Plugins/Interchange/Assets/Content/gltf/MaterialInstances/MI_Unlit_Blend_DS.uexp" 638
"../../../Engine/Plugins/Interchange/Assets/Content/gltf/MaterialInstances/MI_Unlit_Blend.uasset" 639
"../../../Engine/Plugins/Interchange/Assets/Content/gltf/MaterialInstances/MI_Unlit_Blend.uexp" 640
"../../../Engine/Content/Functions/Engine_MaterialFunctions02/Math/Transform3x3Matrix.uasset" 641
"../../../Engine/Content/Functions/Engine_MaterialFunctions02/Math/Transform3x3Matrix.uexp" 642
"../../../Engine/Content/EngineMaterials/Good64x64TilingNoiseHighFreq.uasset" 643
"../../../Engine/Content/EngineMaterials/Good64x64TilingNoiseHighFreq.uexp" 644
"../../../Engine/Content/Functions/Engine_MaterialFunctions02/Texturing/ScreenAlignedPixelToPixelUVs.uasset" 645
"../../../Engine/Content/Functions/Engine_MaterialFunctions02/Texturing/ScreenAlignedPixelToPixelUVs.uexp" 646
"../../../Engine/Plugins/Interchange/Assets/Content/gltf/MaterialFunctions/MF_Temporal_Blur.uasset" 647
"../../../Engine/Plugins/Interchange/Assets/Content/gltf/MaterialFunctions/MF_Temporal_Blur.uexp" 648
"../../../Engine/Plugins/Interchange/Assets/Content/gltf/MaterialFunctions/MF_Specular.uasset" 649
"../../../Engine/Plugins/Interchange/Assets/Content/gltf/MaterialFunctions/MF_Specular.uexp" 650
"../../../Engine/Plugins/Interchange/Assets/Content/gltf/Textures/T_Anisotropy_Direction_Linear.uasset" 651
"../../../Engine/Plugins/Interchange/Assets/Content/gltf/Textures/T_Anisotropy_Direction_Linear.uexp" 652
"../../../Engine/Plugins/Interchange/Assets/Content/gltf/MaterialFunctions/MF_SpecularAnisotropy.uasset" 653
"../../../Engine/Plugins/Interchange/Assets/Content/gltf/MaterialFunctions/MF_SpecularAnisotropy.uexp" 654
"../../../Engine/Plugins/Interchange/Assets/Content/gltf/Textures/T_White_Linear.uasset" 655
"../../../Engine/Plugins/Interchange/Assets/Content/gltf/Textures/T_White_Linear.uexp" 656
"../../../Engine/Plugins/Interchange/Assets/Content/gltf/MaterialFunctions/MF_MetallicRoughness.uasset" 657
"../../../Engine/Plugins/Interchange/Assets/Content/gltf/MaterialFunctions/MF_MetallicRoughness.uexp" 658
"../../../Engine/Plugins/Interchange/Assets/Content/gltf/Textures/T_Generic_N.uasset" 659
"../../../Engine/Plugins/Interchange/Assets/Content/gltf/Textures/T_Generic_N.uexp" 660
"../../../Engine/Plugins/Interchange/Assets/Content/gltf/MaterialFunctions/MF_ScaleNormal.uasset" 661
"../../../Engine/Plugins/Interchange/Assets/Content/gltf/MaterialFunctions/MF_ScaleNormal.uexp" 662
"../../../Engine/Plugins/Interchange/Assets/Content/gltf/MaterialFunctions/MF_Fresnel_DS.uasset" 663
"../../../Engine/Plugins/Interchange/Assets/Content/gltf/MaterialFunctions/MF_Fresnel_DS.uexp" 664
"../../../Engine/Plugins/Interchange/Assets/Content/gltf/MaterialFunctions/MF_Iridescence.uasset" 665
"../../../Engine/Plugins/Interchange/Assets/Content/gltf/MaterialFunctions/MF_Iridescence.uexp" 666
"../../../Engine/Plugins/Interchange/Assets/Content/gltf/MaterialFunctions/MF_Occlusion.uasset" 667
"../../../Engine/Plugins/Interchange/Assets/Content/gltf/MaterialFunctions/MF_Occlusion.uexp" 668
"../../../Engine/Plugins/Interchange/Assets/Content/gltf/MaterialFunctions/MF_IOR.uasset" 669
"../../../Engine/Plugins/Interchange/Assets/Content/gltf/MaterialFunctions/MF_IOR.uexp" 670
"../../../Engine/Plugins/Interchange/Assets/Content/gltf/MaterialFunctions/MF_Transmission.uasset" 671
"../../../Engine/Plugins/Interchange/Assets/Content/gltf/MaterialFunctions/MF_Transmission.uexp" 672
"../../../Engine/Plugins/Interchange/Assets/Content/gltf/MaterialFunctions/MF_RotateNormals_TS.uasset" 673
"../../../Engine/Plugins/Interchange/Assets/Content/gltf/MaterialFunctions/MF_RotateNormals_TS.uexp" 674
"../../../Engine/Plugins/Interchange/Assets/Content/gltf/MaterialFunctions/MF_Normals.uasset" 675
"../../../Engine/Plugins/Interchange/Assets/Content/gltf/MaterialFunctions/MF_Normals.uexp" 676
"../../../Engine/Plugins/Interchange/Assets/Content/gltf/MaterialBodies/MF_Transmission_Body.uasset" 677
"../../../Engine/Plugins/Interchange/Assets/Content/gltf/MaterialBodies/MF_Transmission_Body.uexp" 678
"../../../Engine/Plugins/Interchange/Assets/Content/gltf/M_Transmission.uasset" 679
"../../../Engine/Plugins/Interchange/Assets/Content/gltf/M_Transmission.uexp" 680
"../../../Engine/Plugins/Interchange/Assets/Content/gltf/MaterialInstances/MI_Transmission_DS.uasset" 681
"../../../Engine/Plugins/Interchange/Assets/Content/gltf/MaterialInstances/MI_Transmission_DS.uexp" 682
"../../../Engine/Plugins/Interchange/Assets/Content/gltf/MaterialInstances/MI_Transmission.uasset" 683
"../../../Engine/Plugins/Interchange/Assets/Content/gltf/MaterialInstances/MI_Transmission.uexp" 684
"../../../Engine/Content/Functions/Engine_MaterialFunctions02/Math/AddComponents.uasset" 685
"../../../Engine/Content/Functions/Engine_MaterialFunctions02/Math/AddComponents.uexp" 686
"../../../Engine/Plugins/Interchange/Assets/Content/gltf/MaterialFunctions/MF_DiffuseSpecGloss.uasset" 687
"../../../Engine/Plugins/Interchange/Assets/Content/gltf/MaterialFunctions/MF_DiffuseSpecGloss.uexp" 688
"../../../Engine/Plugins/Interchange/Assets/Content/gltf/MaterialFunctions/MF_Emissive.uasset" 689
"../../../Engine/Plugins/Interchange/Assets/Content/gltf/MaterialFunctions/MF_Emissive.uexp" 690
"../../../Engine/Plugins/Interchange/Assets/Content/gltf/MaterialFunctions/MF_PerceivedBrightness.uasset" 691
"../../../Engine/Plugins/Interchange/Assets/Content/gltf/MaterialFunctions/MF_PerceivedBrightness.uexp" 692
"../../../Engine/Plugins/Interchange/Assets/Content/gltf/MaterialFunctions/MF_SpecGlossToMetalRoughness.uasset" 693
"../../../Engine/Plugins/Interchange/Assets/Content/gltf/MaterialFunctions/MF_SpecGlossToMetalRoughness.uexp" 694
"../../../Engine/Plugins/Interchange/Assets/Content/gltf/MaterialFunctions/MF_MaxComponentValue.uasset" 695
"../../../Engine/Plugins/Interchange/Assets/Content/gltf/MaterialFunctions/MF_MaxComponentValue.uexp" 696
"../../../Engine/Plugins/Interchange/Assets/Content/gltf/MaterialBodies/MF_SpecularGlossiness_Body.uasset" 697
"../../../Engine/Plugins/Interchange/Assets/Content/gltf/MaterialBodies/MF_SpecularGlossiness_Body.uexp" 698
"../../../Engine/Plugins/Interchange/Assets/Content/gltf/M_SpecularGlossiness.uasset" 699
"../../../Engine/Plugins/Interchange/Assets/Content/gltf/M_SpecularGlossiness.uexp" 700
"../../../Engine/Plugins/Interchange/Assets/Content/gltf/MaterialInstances/MI_SpecularGlossiness_Opaque_DS.uasset" 701
"../../../Engine/Plugins/Interchange/Assets/Content/gltf/MaterialInstances/MI_SpecularGlossiness_Opaque_DS.uexp" 702
"../../../Engine/Plugins/Interchange/Assets/Content/gltf/MaterialInstances/MI_SpecularGlossiness_Opaque.uasset" 703
"../../../Engine/Plugins/Interchange/Assets/Content/gltf/MaterialInstances/MI_SpecularGlossiness_Opaque.uexp" 704
"../../../Engine/Plugins/Interchange/Assets/Content/gltf/MaterialInstances/MI_SpecularGlossiness_Mask_DS.uasset" 705
"../../../Engine/Plugins/Interchange/Assets/Content/gltf/MaterialInstances/MI_SpecularGlossiness_Mask_DS.uexp" 706
"../../../Engine/Plugins/Interchange/Assets/Content/gltf/MaterialInstances/MI_SpecularGlossiness_Mask.uasset" 707
"../../../Engine/Plugins/Interchange/Assets/Content/gltf/MaterialInstances/MI_SpecularGlossiness_Mask.uexp" 708
"../../../Engine/Plugins/Interchange/Assets/Content/gltf/MaterialInstances/MI_SpecularGlossiness_Blend_DS.uasset" 709
"../../../Engine/Plugins/Interchange/Assets/Content/gltf/MaterialInstances/MI_SpecularGlossiness_Blend_DS.uexp" 710
"../../../Engine/Plugins/Interchange/Assets/Content/gltf/MaterialInstances/MI_SpecularGlossiness_Blend.uasset" 711
"../../../Engine/Plugins/Interchange/Assets/Content/gltf/MaterialInstances/MI_SpecularGlossiness_Blend.uexp" 712
"../../../Engine/Plugins/Interchange/Assets/Content/gltf/MaterialFunctions/MF_Sheen.uasset" 713
"../../../Engine/Plugins/Interchange/Assets/Content/gltf/MaterialFunctions/MF_Sheen.uexp" 714
"../../../Engine/Plugins/Interchange/Assets/Content/gltf/MaterialBodies/MF_Sheen_Body.uasset" 715
"../../../Engine/Plugins/Interchange/Assets/Content/gltf/MaterialBodies/MF_Sheen_Body.uexp" 716
"../../../Engine/Plugins/Interchange/Assets/Content/gltf/M_Sheen.uasset" 717
"../../../Engine/Plugins/Interchange/Assets/Content/gltf/M_Sheen.uexp" 718
"../../../Engine/Plugins/Interchange/Assets/Content/gltf/MaterialInstances/MI_Sheen_Opaque_DS.uasset" 719
"../../../Engine/Plugins/Interchange/Assets/Content/gltf/MaterialInstances/MI_Sheen_Opaque_DS.uexp" 720
"../../../Engine/Plugins/Interchange/Assets/Content/gltf/MaterialInstances/MI_Sheen_Opaque.uasset" 721
"../../../Engine/Plugins/Interchange/Assets/Content/gltf/MaterialInstances/MI_Sheen_Opaque.uexp" 722
"../../../Engine/Plugins/Interchange/Assets/Content/gltf/MaterialInstances/MI_Sheen_Mask_DS.uasset" 723
"../../../Engine/Plugins/Interchange/Assets/Content/gltf/MaterialInstances/MI_Sheen_Mask_DS.uexp" 724
"../../../Engine/Plugins/Interchange/Assets/Content/gltf/MaterialInstances/MI_Sheen_Mask.uasset" 725
"../../../Engine/Plugins/Interchange/Assets/Content/gltf/MaterialInstances/MI_Sheen_Mask.uexp" 726
"../../../Engine/Plugins/Interchange/Assets/Content/gltf/MaterialInstances/MI_Sheen_Blend_DS.uasset" 727
"../../../Engine/Plugins/Interchange/Assets/Content/gltf/MaterialInstances/MI_Sheen_Blend_DS.uexp" 728
"../../../Engine/Plugins/Interchange/Assets/Content/gltf/MaterialInstances/MI_Sheen_Blend.uasset" 729
"../../../Engine/Plugins/Interchange/Assets/Content/gltf/MaterialInstances/MI_Sheen_Blend.uexp" 730
"../../../Engine/Plugins/Interchange/Assets/Content/gltf/MaterialBodies/MF_Default_Body.uasset" 731
"../../../Engine/Plugins/Interchange/Assets/Content/gltf/MaterialBodies/MF_Default_Body.uexp" 732
"../../../Engine/Plugins/Interchange/Assets/Content/gltf/M_Default.uasset" 733
"../../../Engine/Plugins/Interchange/Assets/Content/gltf/M_Default.uexp" 734
"../../../Engine/Plugins/Interchange/Assets/Content/gltf/MaterialInstances/MI_Default_Opaque.uasset" 735
"../../../Engine/Plugins/Interchange/Assets/Content/gltf/MaterialInstances/MI_Default_Opaque.uexp" 736
"../../../Engine/Plugins/Interchange/Assets/Content/gltf/MaterialInstances/MI_Default_Mask_DS.uasset" 737
"../../../Engine/Plugins/Interchange/Assets/Content/gltf/MaterialInstances/MI_Default_Mask_DS.uexp" 738
"../../../Engine/Plugins/Interchange/Assets/Content/gltf/MaterialInstances/MI_Default_Mask.uasset" 739
"../../../Engine/Plugins/Interchange/Assets/Content/gltf/MaterialInstances/MI_Default_Mask.uexp" 740
"../../../Engine/Plugins/Interchange/Assets/Content/gltf/MaterialInstances/MI_Default_Blend_DS.uasset" 741
"../../../Engine/Plugins/Interchange/Assets/Content/gltf/MaterialInstances/MI_Default_Blend_DS.uexp" 742
"../../../Engine/Plugins/Interchange/Assets/Content/gltf/MaterialInstances/MI_Default_Blend.uasset" 743
"../../../Engine/Plugins/Interchange/Assets/Content/gltf/MaterialInstances/MI_Default_Blend.uexp" 744
"../../../Engine/Content/Functions/Engine_MaterialFunctions01/Texturing/FlattenNormal.uasset" 745
"../../../Engine/Content/Functions/Engine_MaterialFunctions01/Texturing/FlattenNormal.uexp" 746
"../../../Engine/Plugins/Interchange/Assets/Content/gltf/MaterialFunctions/MF_Clearcoat.uasset" 747
"../../../Engine/Plugins/Interchange/Assets/Content/gltf/MaterialFunctions/MF_Clearcoat.uexp" 748
"../../../Engine/Plugins/Interchange/Assets/Content/gltf/MaterialBodies/MF_ClearCoat_Body.uasset" 749
"../../../Engine/Plugins/Interchange/Assets/Content/gltf/MaterialBodies/MF_ClearCoat_Body.uexp" 750
"../../../Engine/Plugins/Interchange/Assets/Content/gltf/M_ClearCoat.uasset" 751
"../../../Engine/Plugins/Interchange/Assets/Content/gltf/M_ClearCoat.uexp" 752
"../../../Engine/Plugins/Interchange/Assets/Content/gltf/MaterialInstances/MI_ClearCoat_Opaque_DS.uasset" 753
"../../../Engine/Plugins/Interchange/Assets/Content/gltf/MaterialInstances/MI_ClearCoat_Opaque_DS.uexp" 754
"../../../Engine/Plugins/Interchange/Assets/Content/gltf/MaterialInstances/MI_ClearCoat_Opaque.uasset" 755
"../../../Engine/Plugins/Interchange/Assets/Content/gltf/MaterialInstances/MI_ClearCoat_Opaque.uexp" 756
"../../../Engine/Plugins/Interchange/Assets/Content/gltf/MaterialInstances/MI_ClearCoat_Mask_DS.uasset" 757
"../../../Engine/Plugins/Interchange/Assets/Content/gltf/MaterialInstances/MI_ClearCoat_Mask_DS.uexp" 758
"../../../Engine/Plugins/Interchange/Assets/Content/gltf/MaterialInstances/MI_ClearCoat_Mask.uasset" 759
"../../../Engine/Plugins/Interchange/Assets/Content/gltf/MaterialInstances/MI_ClearCoat_Mask.uexp" 760
"../../../Engine/Plugins/Interchange/Assets/Content/gltf/MaterialInstances/MI_ClearCoat_Blend_DS.uasset" 761
"../../../Engine/Plugins/Interchange/Assets/Content/gltf/MaterialInstances/MI_ClearCoat_Blend_DS.uexp" 762
"../../../Engine/Plugins/Interchange/Assets/Content/gltf/MaterialInstances/MI_ClearCoat_Blend.uasset" 763
"../../../Engine/Plugins/Interchange/Assets/Content/gltf/MaterialInstances/MI_ClearCoat_Blend.uexp" 764
"../../../Engine/Content/VREditor/TransformGizmo/Main.uasset" 765
"../../../Engine/Content/VREditor/TransformGizmo/Main.uexp" 766
"../../../Engine/Content/VREditor/TransformGizmo/Xray.uasset" 767
"../../../Engine/Content/VREditor/TransformGizmo/Xray.uexp" 768
"../../../Engine/Content/VREditor/TransformGizmo/SM_Sequencer_Node.ubulk" 769
"../../../Engine/Content/VREditor/TransformGizmo/SM_Sequencer_Node.uasset" 770
"../../../Engine/Content/VREditor/TransformGizmo/SM_Sequencer_Node.uexp" 771
"../../../Engine/Content/VREditor/LaserPointer/VR_LaserPower_01.ubulk" 772
"../../../Engine/Content/VREditor/LaserPointer/VR_LaserPower_01.uasset" 773
"../../../Engine/Content/VREditor/LaserPointer/VR_LaserPower_01.uexp" 774
"../../../Engine/Content/VREditor/TransformGizmo/TransformGizmoMaterial.uasset" 775
"../../../Engine/Content/VREditor/TransformGizmo/TransformGizmoMaterial.uexp" 776
"../../../Engine/Content/VREditor/TransformGizmo/TranslucentTransformGizmoMaterial.uasset" 777
"../../../Engine/Content/VREditor/TransformGizmo/TranslucentTransformGizmoMaterial.uexp" 778
"../../../Engine/Content/VREditor/TransformGizmo/BoundingBoxEdge.ubulk" 779
"../../../Engine/Content/VREditor/TransformGizmo/BoundingBoxEdge.uasset" 780
"../../../Engine/Content/VREditor/TransformGizmo/BoundingBoxEdge.uexp" 781
"../../../Engine/Content/VREditor/TransformGizmo/BoundingBoxCorner.ubulk" 782
"../../../Engine/Content/VREditor/TransformGizmo/BoundingBoxCorner.uasset" 783
"../../../Engine/Content/VREditor/TransformGizmo/BoundingBoxCorner.uexp" 784
"../../../Engine/Content/Functions/Engine_MaterialFunctions01/Shading/PowerToRoughness.uasset" 785
"../../../Engine/Content/Functions/Engine_MaterialFunctions01/Shading/PowerToRoughness.uexp" 786
"../../../Engine/Content/EngineSky/VolumetricClouds/T_CloudMask.ubulk" 787
"../../../Engine/Content/EngineSky/VolumetricClouds/T_CloudMask.uasset" 788
"../../../Engine/Content/EngineSky/VolumetricClouds/T_CloudMask.uexp" 789
"../../../Engine/Content/EngineSky/VolumetricClouds/VT_Lightning.uasset" 790
"../../../Engine/Content/EngineSky/VolumetricClouds/VT_Lightning.uexp" 791
"../../../Engine/Content/EngineSky/VolumetricClouds/T_Profile_08.ubulk" 792
"../../../Engine/Content/EngineSky/VolumetricClouds/T_Profile_08.uasset" 793
"../../../Engine/Content/EngineSky/VolumetricClouds/T_Profile_08.uexp" 794
"../../../Engine/Content/Functions/Engine_MaterialFunctions02/Utility/MakeFloat4.uasset" 795
"../../../Engine/Content/Functions/Engine_MaterialFunctions02/Utility/MakeFloat4.uexp" 796
"../../../Engine/Content/Functions/Engine_MaterialFunctions01/Units/Km-to-Cm.uasset" 797
"../../../Engine/Content/Functions/Engine_MaterialFunctions01/Units/Km-to-Cm.uexp" 798
"../../../Engine/Content/Functions/Engine_MaterialFunctions02/Utility/BreakOutFloat4Components.uasset" 799
"../../../Engine/Content/Functions/Engine_MaterialFunctions02/Utility/BreakOutFloat4Components.uexp" 800
"../../../Engine/Content/EngineSky/VolumetricClouds/T_CloudPattern.ubulk" 801
"../../../Engine/Content/EngineSky/VolumetricClouds/T_CloudPattern.uasset" 802
"../../../Engine/Content/EngineSky/VolumetricClouds/T_CloudPattern.uexp" 803
"../../../Engine/Content/EngineSky/VolumetricClouds/VT_PerlinWorley_Balanced.uasset" 804
"../../../Engine/Content/EngineSky/VolumetricClouds/VT_PerlinWorley_Balanced.uexp" 805
"../../../Engine/Content/EngineSky/VolumetricClouds/m_SimpleVolumetricCloud.uasset" 806
"../../../Engine/Content/EngineSky/VolumetricClouds/m_SimpleVolumetricCloud.uexp" 807
"../../../Engine/Content/EngineSky/VolumetricClouds/m_SimpleVolumetricCloud_Inst.uasset" 808
"../../../Engine/Content/EngineSky/VolumetricClouds/m_SimpleVolumetricCloud_Inst.uexp" 809
"../../../Engine/Content/EngineResources/FilmGrains/Marcie_Grain_v3_128_M2_000.uasset" 810
"../../../Engine/Content/EngineResources/FilmGrains/Marcie_Grain_v3_128_M2_000.uexp" 811
"../../../Engine/Content/EngineMaterials/Substrate/Volume/SubstrateSimpleVolumeLUT3D.uasset" 812
"../../../Engine/Content/EngineMaterials/Substrate/Volume/SubstrateSimpleVolumeLUT3D.uexp" 813
"../../../Engine/Content/EngineMaterials/Substrate/Volume/SubstrateSimpleVolumeEnvLUT3D.uasset" 814
"../../../Engine/Content/EngineMaterials/Substrate/Volume/SubstrateSimpleVolumeEnvLUT3D.uexp" 815
"../../../Engine/Content/EngineMaterials/Substrate/GLints2/AGlintTex2dArray2.uasset" 816
"../../../Engine/Content/EngineMaterials/Substrate/GLints2/AGlintTex2dArray2.uexp" 817
"../../../Engine/Content/EngineMaterials/Substrate/GLints/AGlintTex2dArray.uasset" 818
"../../../Engine/Content/EngineMaterials/Substrate/GLints/AGlintTex2dArray.uexp" 819
"../../../Engine/Content/EngineMaterials/LTC/Sheen_LTC.uasset" 820
"../../../Engine/Content/EngineMaterials/LTC/Sheen_LTC.uexp" 821
"../../../Engine/Content/EngineMaterials/LTC/GGX_LTCMat.uasset" 822
"../../../Engine/Content/EngineMaterials/LTC/GGX_LTCMat.uexp" 823
"../../../Engine/Content/EngineMaterials/LTC/GGX_LTCAmp.uasset" 824
"../../../Engine/Content/EngineMaterials/LTC/GGX_LTCAmp.uexp" 825
"../../../Engine/Content/EngineMaterials/EnergyConservation/Sheen_Energy.uasset" 826
"../../../Engine/Content/EngineMaterials/EnergyConservation/Sheen_Energy.uexp" 827
"../../../Engine/Content/EngineMaterials/EnergyConservation/SheenLegacy_Energy.uasset" 828
"../../../Engine/Content/EngineMaterials/EnergyConservation/SheenLegacy_Energy.uexp" 829
"../../../Engine/Content/EngineMaterials/EnergyConservation/GGX_TransmissionEnergyArray.uasset" 830
"../../../Engine/Content/EngineMaterials/EnergyConservation/GGX_TransmissionEnergyArray.uexp" 831
"../../../Engine/Content/EngineMaterials/EnergyConservation/GGX_ReflectionEnergy.uasset" 832
"../../../Engine/Content/EngineMaterials/EnergyConservation/GGX_ReflectionEnergy.uexp" 833
"../../../Engine/Content/EngineMaterials/EnergyConservation/Diffuse_Energy.uasset" 834
"../../../Engine/Content/EngineMaterials/EnergyConservation/Diffuse_Energy.uexp" 835
"../../../Engine/Content/EditorResources/SequenceRecorder/RecordingIndicator.uasset" 836
"../../../Engine/Content/EditorResources/SequenceRecorder/RecordingIndicator.uexp" 837
"../../../Engine/Content/EditorResources/SequenceRecorder/Countdown.uasset" 838
"../../../Engine/Content/EditorResources/SequenceRecorder/Countdown.uexp" 839
"../../../Engine/Content/EditorMaterials/Camera/CineMat.uasset" 840
"../../../Engine/Content/EditorMaterials/Camera/CineMat.uexp" 841
"../../../Engine/Content/EditorMaterials/Camera/MI_CineMat_Rig.uasset" 842
"../../../Engine/Content/EditorMaterials/Camera/MI_CineMat_Rig.uexp" 843
"../../../Engine/Content/EditorMeshes/Camera/SM_RailRig_Track.ubulk" 844
"../../../Engine/Content/EditorMeshes/Camera/SM_RailRig_Track.uasset" 845
"../../../Engine/Content/EditorMeshes/Camera/SM_RailRig_Track.uexp" 846
"../../../Engine/Content/EditorMeshes/Camera/SM_RailRig_Mount.ubulk" 847
"../../../Engine/Content/EditorMeshes/Camera/SM_RailRig_Mount.uasset" 848
"../../../Engine/Content/EditorMeshes/Camera/SM_RailRig_Mount.uexp" 849
"../../../Engine/Content/EditorMeshes/Camera/SM_CraneRig_Mount.ubulk" 850
"../../../Engine/Content/EditorMeshes/Camera/SM_CraneRig_Mount.uasset" 851
"../../../Engine/Content/EditorMeshes/Camera/SM_CraneRig_Mount.uexp" 852
"../../../Engine/Content/EditorMeshes/Camera/SM_CraneRig_Body.ubulk" 853
"../../../Engine/Content/EditorMeshes/Camera/SM_CraneRig_Body.uasset" 854
"../../../Engine/Content/EditorMeshes/Camera/SM_CraneRig_Body.uexp" 855
"../../../Engine/Content/EditorMeshes/Camera/SM_CraneRig_Base.ubulk" 856
"../../../Engine/Content/EditorMeshes/Camera/SM_CraneRig_Base.uasset" 857
"../../../Engine/Content/EditorMeshes/Camera/SM_CraneRig_Base.uexp" 858
"../../../Engine/Content/EditorMeshes/Camera/SM_CraneRig_Arm.ubulk" 859
"../../../Engine/Content/EditorMeshes/Camera/SM_CraneRig_Arm.uasset" 860
"../../../Engine/Content/EditorMeshes/Camera/SM_CraneRig_Arm.uexp" 861
"../../../Engine/Content/EditorMaterials/ParticleSystems/PSysThumbnail_OOD.ubulk" 862
"../../../Engine/Content/EditorMaterials/ParticleSystems/PSysThumbnail_OOD.uasset" 863
"../../../Engine/Content/EditorMaterials/ParticleSystems/PSysThumbnail_OOD.uexp" 864
"../../../Engine/Content/EditorMaterials/ParticleSystems/PSysThumbnail_NoImage.ubulk" 865
"../../../Engine/Content/EditorMaterials/ParticleSystems/PSysThumbnail_NoImage.uasset" 866
"../../../Engine/Content/EditorMaterials/ParticleSystems/PSysThumbnail_NoImage.uexp" 867
"../../../Engine/Content/EditorMaterials/Dataflow/DataflowVertexMaterial.uasset" 868
"../../../Engine/Content/EditorMaterials/Dataflow/DataflowVertexMaterial.uexp" 869
"../../../Engine/Content/EditorMaterials/Dataflow/DataflowTwoSidedVertexMaterial.uasset" 870
"../../../Engine/Content/EditorMaterials/Dataflow/DataflowTwoSidedVertexMaterial.uexp" 871
"../../../Engine/Content/ArtTools/RenderToTexture/Meshes/S_1_Unit_Plane.ubulk" 872
"../../../Engine/Content/ArtTools/RenderToTexture/Meshes/S_1_Unit_Plane.uasset" 873
"../../../Engine/Content/ArtTools/RenderToTexture/Meshes/S_1_Unit_Plane.uexp" 874
"../../../Engine/Plugins/NNE/NNEDenoiser/Content/NNE_oidn2-3-0_rt_hdr_calb_cnrm_large__dyn__fp16_opset11_ForwardAlpha.uasset" 875
"../../../Engine/Plugins/NNE/NNEDenoiser/Content/NNE_oidn2-3-0_rt_hdr_calb_cnrm_large__dyn__fp16_opset11_ForwardAlpha.uexp" 876
"../../../Engine/Plugins/NNE/NNEDenoiser/Content/NNE_oidn2-3-0_rt_hdr_calb_cnrm_large__dyn__fp16_opset11_DenoiseAlpha.uasset" 877
"../../../Engine/Plugins/NNE/NNEDenoiser/Content/NNE_oidn2-3-0_rt_hdr_calb_cnrm_large__dyn__fp16_opset11_DenoiseAlpha.uexp" 878
"../../../Engine/Plugins/NNE/NNEDenoiser/Content/NNE_oidn2-3-0_rt_hdr_alb_nrm__dyn__fp16_opset11_ForwardAlpha.uasset" 879
"../../../Engine/Plugins/NNE/NNEDenoiser/Content/NNE_oidn2-3-0_rt_hdr_alb_nrm__dyn__fp16_opset11_ForwardAlpha.uexp" 880
"../../../Engine/Plugins/NNE/NNEDenoiser/Content/NNE_oidn2-3-0_rt_hdr_alb_nrm__dyn__fp16_opset11_DenoiseAlpha.uasset" 881
"../../../Engine/Plugins/NNE/NNEDenoiser/Content/NNE_oidn2-3-0_rt_hdr_alb_nrm__dyn__fp16_opset11_DenoiseAlpha.uexp" 882
"../../../Engine/Plugins/NNE/NNEDenoiser/Content/NNE_oidn2-3-0_rt_hdr_alb_nrm_small__dyn__fp16_opset11_ForwardAlpha.uasset" 883
"../../../Engine/Plugins/NNE/NNEDenoiser/Content/NNE_oidn2-3-0_rt_hdr_alb_nrm_small__dyn__fp16_opset11_ForwardAlpha.uexp" 884
"../../../Engine/Plugins/NNE/NNEDenoiser/Content/NNE_oidn2-3-0_rt_hdr_alb_nrm_small__dyn__fp16_opset11_DenoiseAlpha.uasset" 885
"../../../Engine/Plugins/NNE/NNEDenoiser/Content/NNE_oidn2-3-0_rt_hdr_alb_nrm_small__dyn__fp16_opset11_DenoiseAlpha.uexp" 886
"../../../Engine/Plugins/NNE/NNEDenoiser/Content/NNED_Oidn2-3_HighQuality_Alpha.uasset" 887
"../../../Engine/Plugins/NNE/NNEDenoiser/Content/NNED_Oidn2-3_HighQuality_Alpha.uexp" 888
"../../../Engine/Plugins/NNE/NNEDenoiser/Content/NNED_Oidn2-3_HighQuality.uasset" 889
"../../../Engine/Plugins/NNE/NNEDenoiser/Content/NNED_Oidn2-3_HighQuality.uexp" 890
"../../../Engine/Plugins/NNE/NNEDenoiser/Content/NNED_Oidn2-3_Fast_Alpha.uasset" 891
"../../../Engine/Plugins/NNE/NNEDenoiser/Content/NNED_Oidn2-3_Fast_Alpha.uexp" 892
"../../../Engine/Plugins/NNE/NNEDenoiser/Content/NNED_Oidn2-3_Fast.uasset" 893
"../../../Engine/Plugins/NNE/NNEDenoiser/Content/NNED_Oidn2-3_Fast.uexp" 894
"../../../Engine/Plugins/NNE/NNEDenoiser/Content/NNED_Oidn2-3_Balanced_Alpha.uasset" 895
"../../../Engine/Plugins/NNE/NNEDenoiser/Content/NNED_Oidn2-3_Balanced_Alpha.uexp" 896
"../../../Engine/Plugins/NNE/NNEDenoiser/Content/NNED_Oidn2-3_Balanced.uasset" 897
"../../../Engine/Plugins/NNE/NNEDenoiser/Content/NNED_Oidn2-3_Balanced.uexp" 898
"../../../Engine/Plugins/NNE/NNEDenoiser/Content/NNEDT_Oidn2-3_Balanced_Alpha.uasset" 899
"../../../Engine/Plugins/NNE/NNEDenoiser/Content/NNEDT_Oidn2-3_Balanced_Alpha.uexp" 900
"../../../Engine/Plugins/NNE/NNEDenoiser/Content/NNEDT_Oidn2-3_Balanced.uasset" 901
"../../../Engine/Plugins/NNE/NNEDenoiser/Content/NNEDT_Oidn2-3_Balanced.uexp" 902
"../../../Engine/Plugins/Animation/DeformerGraph/Content/Deformers/DG_LinearBlendSkin_Morph_Cloth_RecomputeNormals.uasset" 903
"../../../Engine/Plugins/Animation/DeformerGraph/Content/Deformers/DG_LinearBlendSkin_Morph_Cloth_RecomputeNormals.uexp" 904
"../../../Engine/Plugins/Animation/DeformerGraph/Content/Deformers/DG_LinearBlendSkin_Morph_Cloth.uasset" 905
"../../../Engine/Plugins/Animation/DeformerGraph/Content/Deformers/DG_LinearBlendSkin_Morph_Cloth.uexp" 906
"../../../Engine/Plugins/Animation/DeformerGraph/Content/DeformerFunctions/DG_Function_LinearBlendSkin_Morph_Cloth_PositionOnly.uasset" 907
"../../../Engine/Plugins/Animation/DeformerGraph/Content/DeformerFunctions/DG_Function_LinearBlendSkin_Morph_Cloth_PositionOnly.uexp" 908
"../../../Engine/Plugins/Animation/DeformerGraph/Content/DeformerFunctions/DG_Function_LinearBlendSkin_Morph_Cloth.uasset" 909
"../../../Engine/Plugins/Animation/DeformerGraph/Content/DeformerFunctions/DG_Function_LinearBlendSkin_Morph_Cloth.uexp" 910
"../../../Engine/Plugins/Animation/DeformerGraph/Content/DeformerFunctions/DG_Function_ComputeNormalsTangents.uasset" 911
"../../../Engine/Plugins/Animation/DeformerGraph/Content/DeformerFunctions/DG_Function_ComputeNormalsTangents.uexp" 912
"../../../Engine/Content/VREditor/TransformGizmo/StartRotationHandleIndicator.ubulk" 913
"../../../Engine/Content/VREditor/TransformGizmo/StartRotationHandleIndicator.uasset" 914
"../../../Engine/Content/VREditor/TransformGizmo/StartRotationHandleIndicator.uexp" 915
"../../../Engine/Content/VREditor/Sounds/UI/Drop_Item_From_ContentBrowser.ubulk" 916
"../../../Engine/Content/VREditor/Sounds/UI/Drop_Item_From_ContentBrowser.uasset" 917
"../../../Engine/Content/VREditor/Sounds/UI/Drop_Item_From_ContentBrowser.uexp" 918
"../../../Engine/Content/VREditor/TransformGizmo/PlaneTranslationHandle.ubulk" 919
"../../../Engine/Content/VREditor/TransformGizmo/PlaneTranslationHandle.uasset" 920
"../../../Engine/Content/VREditor/TransformGizmo/PlaneTranslationHandle.uexp" 921
"../../../Engine/Content/VREditor/Sounds/UI/Object_Snaps_To_Grid.ubulk" 922
"../../../Engine/Content/VREditor/Sounds/UI/Object_Snaps_To_Grid.uasset" 923
"../../../Engine/Content/VREditor/Sounds/UI/Object_Snaps_To_Grid.uexp" 924
"../../../Engine/Content/VREditor/Sounds/UI/Selection_Changes.ubulk" 925
"../../../Engine/Content/VREditor/Sounds/UI/Selection_Changes.uasset" 926
"../../../Engine/Content/VREditor/Sounds/UI/Selection_Changes.uexp" 927
"../../../Engine/Content/VREditor/Sounds/UI/Object_Snaps_To_Another_Actor.ubulk" 928
"../../../Engine/Content/VREditor/Sounds/UI/Object_Snaps_To_Another_Actor.uasset" 929
"../../../Engine/Content/VREditor/Sounds/UI/Object_Snaps_To_Another_Actor.uexp" 930
"../../../Engine/Content/VREditor/TransformGizmo/TranslucentTransformGizmoMaterial_Inst.uasset" 931
"../../../Engine/Content/VREditor/TransformGizmo/TranslucentTransformGizmoMaterial_Inst.uexp" 932
"../../../Engine/Content/VREditor/TransformGizmo/TransformGizmoFreeRotation.ubulk" 933
"../../../Engine/Content/VREditor/TransformGizmo/TransformGizmoFreeRotation.uasset" 934
"../../../Engine/Content/VREditor/TransformGizmo/TransformGizmoFreeRotation.uexp" 935
"../../../Engine/Content/VREditor/Sounds/UI/Scaling_Down.ubulk" 936
"../../../Engine/Content/VREditor/Sounds/UI/Scaling_Down.uasset" 937
"../../../Engine/Content/VREditor/Sounds/UI/Scaling_Down.uexp" 938
"../../../Engine/Content/Functions/Engine_MaterialFunctions02/SplitComponents.uasset" 939
"../../../Engine/Content/Functions/Engine_MaterialFunctions02/SplitComponents.uexp" 940
"../../../Engine/Content/VREditor/SnapGrid/SnapGridMaterial.uasset" 941
"../../../Engine/Content/VREditor/SnapGrid/SnapGridMaterial.uexp" 942
"../../../Engine/Content/VREditor/SnapGrid/SnapGridPlaneMesh.ubulk" 943
"../../../Engine/Content/VREditor/SnapGrid/SnapGridPlaneMesh.uasset" 944
"../../../Engine/Content/VREditor/SnapGrid/SnapGridPlaneMesh.uexp" 945
"../../../Engine/Content/VREditor/Sounds/UI/Scaling_Up.ubulk" 946
"../../../Engine/Content/VREditor/Sounds/UI/Scaling_Up.uasset" 947
"../../../Engine/Content/VREditor/Sounds/UI/Scaling_Up.uexp" 948
"../../../Engine/Content/VREditor/TransformGizmo/TransformGizmoMaterial_Inst.uasset" 949
"../../../Engine/Content/VREditor/TransformGizmo/TransformGizmoMaterial_Inst.uexp" 950
"../../../Engine/Content/VREditor/Sounds/UI/Gizmo_Handle_Clicked.ubulk" 951
"../../../Engine/Content/VREditor/Sounds/UI/Gizmo_Handle_Clicked.uasset" 952
"../../../Engine/Content/VREditor/Sounds/UI/Gizmo_Handle_Clicked.uexp" 953
"../../../Engine/Content/VREditor/TransformGizmo/RotationHandleQuarter.ubulk" 954
"../../../Engine/Content/VREditor/TransformGizmo/RotationHandleQuarter.uasset" 955
"../../../Engine/Content/VREditor/TransformGizmo/RotationHandleQuarter.uexp" 956
"../../../Engine/Content/VREditor/TransformGizmo/TranslateArrowHandle.ubulk" 957
"../../../Engine/Content/VREditor/TransformGizmo/TranslateArrowHandle.uasset" 958
"../../../Engine/Content/VREditor/TransformGizmo/TranslateArrowHandle.uexp" 959
"../../../Engine/Content/VREditor/TransformGizmo/RotationHandleIndicator.ubulk" 960
"../../../Engine/Content/VREditor/TransformGizmo/RotationHandleIndicator.uasset" 961
"../../../Engine/Content/VREditor/TransformGizmo/RotationHandleIndicator.uexp" 962
"../../../Engine/Content/VREditor/TransformGizmo/UniformScaleHandle.ubulk" 963
"../../../Engine/Content/VREditor/TransformGizmo/UniformScaleHandle.uasset" 964
"../../../Engine/Content/VREditor/TransformGizmo/UniformScaleHandle.uexp" 965
"../../../Engine/Content/VREditor/TransformGizmo/RotationHandleFull.ubulk" 966
"../../../Engine/Content/VREditor/TransformGizmo/RotationHandleFull.uasset" 967
"../../../Engine/Content/VREditor/TransformGizmo/RotationHandleFull.uexp" 968
"../../../Engine/Content/VREditor/Sounds/UI/Object_PickUp.ubulk" 969
"../../../Engine/Content/VREditor/Sounds/UI/Object_PickUp.uasset" 970
"../../../Engine/Content/VREditor/Sounds/UI/Object_PickUp.uexp" 971
"../../../Engine/Content/EngineResources/LandscapeVisibilityLayerInfo.uasset" 972
"../../../Engine/Content/EngineResources/LandscapeVisibilityLayerInfo.uexp" 973
"G:/UnrealProjects/GhostsVsThieves/GhostsVsThieves/Content/Core/GameState/BP_MainMenuGameMode.uasset" 974
"G:/UnrealProjects/GhostsVsThieves/GhostsVsThieves/Content/Core/GameState/BP_MainMenuGameMode.uexp" 975
"G:/UnrealProjects/GhostsVsThieves/GhostsVsThieves/Content/UI/WBP_MainMenu.uasset" 976
"G:/UnrealProjects/GhostsVsThieves/GhostsVsThieves/Content/UI/WBP_MainMenu.uexp" 977
"G:/UnrealProjects/GhostsVsThieves/GhostsVsThieves/Content/Maps/L_MainMenu.uexp" 978
"G:/UnrealProjects/GhostsVsThieves/GhostsVsThieves/Content/Maps/L_MainMenu.umap" 979
"../../../Engine/Content/BasicShapes/Cube.ubulk" 980
"../../../Engine/Content/BasicShapes/Cube.uasset" 981
"../../../Engine/Content/BasicShapes/Cube.uexp" 982
"../../../Engine/Content/BasicShapes/Plane.ubulk" 983
"../../../Engine/Content/BasicShapes/Plane.uasset" 984
"../../../Engine/Content/BasicShapes/Plane.uexp" 985
"G:/UnrealProjects/GhostsVsThieves/GhostsVsThieves/Content/Modern_House_V1/Textures/Fabric_5/T_Fabric038_4K_Displacement.ubulk" 986
"G:/UnrealProjects/GhostsVsThieves/GhostsVsThieves/Content/Modern_House_V1/Textures/Fabric_5/T_Fabric038_4K_Displacement.uasset" 987
"G:/UnrealProjects/GhostsVsThieves/GhostsVsThieves/Content/Modern_House_V1/Textures/Fabric_5/T_Fabric038_4K_Displacement.uexp" 988
"G:/UnrealProjects/GhostsVsThieves/GhostsVsThieves/Content/Modern_House_V1/Textures/Marcro/T_MacroVariation.uasset" 989
"G:/UnrealProjects/GhostsVsThieves/GhostsVsThieves/Content/Modern_House_V1/Textures/Marcro/T_MacroVariation.uexp" 990
"G:/UnrealProjects/GhostsVsThieves/GhostsVsThieves/Content/Modern_House_V1/Textures/Fabric_5/T_Fabric038_4K_Color.ubulk" 991
"G:/UnrealProjects/GhostsVsThieves/GhostsVsThieves/Content/Modern_House_V1/Textures/Fabric_5/T_Fabric038_4K_Color.uasset" 992
"G:/UnrealProjects/GhostsVsThieves/GhostsVsThieves/Content/Modern_House_V1/Textures/Fabric_5/T_Fabric038_4K_Color.uexp" 993
"G:/UnrealProjects/GhostsVsThieves/GhostsVsThieves/Content/Modern_House_V1/Textures/Fabric_5/T_Fabric038_4K_Roughness.ubulk" 994
"G:/UnrealProjects/GhostsVsThieves/GhostsVsThieves/Content/Modern_House_V1/Textures/Fabric_5/T_Fabric038_4K_Roughness.uasset" 995
"G:/UnrealProjects/GhostsVsThieves/GhostsVsThieves/Content/Modern_House_V1/Textures/Fabric_5/T_Fabric038_4K_Roughness.uexp" 996
"G:/UnrealProjects/GhostsVsThieves/GhostsVsThieves/Content/Modern_House_V1/Textures/Fabric_5/T_Fabric038_4K_AmbientOcclusion.ubulk" 997
"G:/UnrealProjects/GhostsVsThieves/GhostsVsThieves/Content/Modern_House_V1/Textures/Fabric_5/T_Fabric038_4K_AmbientOcclusion.uasset" 998
"G:/UnrealProjects/GhostsVsThieves/GhostsVsThieves/Content/Modern_House_V1/Textures/Fabric_5/T_Fabric038_4K_AmbientOcclusion.uexp" 999
"G:/UnrealProjects/GhostsVsThieves/GhostsVsThieves/Content/Modern_House_V1/Textures/Fabric_5/T_Fabric038_4K_Normal.ubulk" 1000
"G:/UnrealProjects/GhostsVsThieves/GhostsVsThieves/Content/Modern_House_V1/Textures/Fabric_5/T_Fabric038_4K_Normal.uasset" 1001
"G:/UnrealProjects/GhostsVsThieves/GhostsVsThieves/Content/Modern_House_V1/Textures/Fabric_5/T_Fabric038_4K_Normal.uexp" 1002
"G:/UnrealProjects/GhostsVsThieves/GhostsVsThieves/Content/Modern_House_V1/Materials/M_Fabric_5.uasset" 1003
"G:/UnrealProjects/GhostsVsThieves/GhostsVsThieves/Content/Modern_House_V1/Materials/M_Fabric_5.uexp" 1004
"G:/UnrealProjects/GhostsVsThieves/GhostsVsThieves/Content/Modern_House_V1/Materials/Instance/M_Fabric_5_Inst.uasset" 1005
"G:/UnrealProjects/GhostsVsThieves/GhostsVsThieves/Content/Modern_House_V1/Materials/Instance/M_Fabric_5_Inst.uexp" 1006
"G:/UnrealProjects/GhostsVsThieves/GhostsVsThieves/Content/Modern_House_V1/Textures/Metal_1/T_Metal029_4K_Displacement.ubulk" 1007
"G:/UnrealProjects/GhostsVsThieves/GhostsVsThieves/Content/Modern_House_V1/Textures/Metal_1/T_Metal029_4K_Displacement.uasset" 1008
"G:/UnrealProjects/GhostsVsThieves/GhostsVsThieves/Content/Modern_House_V1/Textures/Metal_1/T_Metal029_4K_Displacement.uexp" 1009
"G:/UnrealProjects/GhostsVsThieves/GhostsVsThieves/Content/Modern_House_V1/Textures/Metal_1/T_Metal029_4K_Color.ubulk" 1010
"G:/UnrealProjects/GhostsVsThieves/GhostsVsThieves/Content/Modern_House_V1/Textures/Metal_1/T_Metal029_4K_Color.uasset" 1011
"G:/UnrealProjects/GhostsVsThieves/GhostsVsThieves/Content/Modern_House_V1/Textures/Metal_1/T_Metal029_4K_Color.uexp" 1012
"G:/UnrealProjects/GhostsVsThieves/GhostsVsThieves/Content/Modern_House_V1/Textures/Metal_1/T_Metal029_4K_Roughness.ubulk" 1013
"G:/UnrealProjects/GhostsVsThieves/GhostsVsThieves/Content/Modern_House_V1/Textures/Metal_1/T_Metal029_4K_Roughness.uasset" 1014
"G:/UnrealProjects/GhostsVsThieves/GhostsVsThieves/Content/Modern_House_V1/Textures/Metal_1/T_Metal029_4K_Roughness.uexp" 1015
"G:/UnrealProjects/GhostsVsThieves/GhostsVsThieves/Content/Modern_House_V1/Textures/Metal_1/T_Metal029_4K_Normal.ubulk" 1016
"G:/UnrealProjects/GhostsVsThieves/GhostsVsThieves/Content/Modern_House_V1/Textures/Metal_1/T_Metal029_4K_Normal.uasset" 1017
"G:/UnrealProjects/GhostsVsThieves/GhostsVsThieves/Content/Modern_House_V1/Textures/Metal_1/T_Metal029_4K_Normal.uexp" 1018
"G:/UnrealProjects/GhostsVsThieves/GhostsVsThieves/Content/Modern_House_V1/Materials/M_Metal_1.uasset" 1019
"G:/UnrealProjects/GhostsVsThieves/GhostsVsThieves/Content/Modern_House_V1/Materials/M_Metal_1.uexp" 1020
"G:/UnrealProjects/GhostsVsThieves/GhostsVsThieves/Content/Modern_House_V1/Materials/Instance/M_Metal_1_Inst.uasset" 1021
"G:/UnrealProjects/GhostsVsThieves/GhostsVsThieves/Content/Modern_House_V1/Materials/Instance/M_Metal_1_Inst.uexp" 1022
"G:/UnrealProjects/GhostsVsThieves/GhostsVsThieves/Content/Modern_House_V1/Mesh/SM_Curtain_1.ubulk" 1023
"G:/UnrealProjects/GhostsVsThieves/GhostsVsThieves/Content/Modern_House_V1/Mesh/SM_Curtain_1.uasset" 1024
"G:/UnrealProjects/GhostsVsThieves/GhostsVsThieves/Content/Modern_House_V1/Mesh/SM_Curtain_1.uexp" 1025
"G:/UnrealProjects/GhostsVsThieves/GhostsVsThieves/Content/Data/ScareDataAssets/DA_Scare_HeartbeatHUD.uasset" 1026
"G:/UnrealProjects/GhostsVsThieves/GhostsVsThieves/Content/Data/ScareDataAssets/DA_Scare_HeartbeatHUD.uexp" 1027
"G:/UnrealProjects/GhostsVsThieves/GhostsVsThieves/Content/Data/ScareDataAssets/DA_Scare_FootstepsBehind.uasset" 1028
"G:/UnrealProjects/GhostsVsThieves/GhostsVsThieves/Content/Data/ScareDataAssets/DA_Scare_FootstepsBehind.uexp" 1029
"G:/UnrealProjects/GhostsVsThieves/GhostsVsThieves/Content/Modern_House_V1/Textures/Metal_4/T_Metal034_4K_Normal.ubulk" 1030
"G:/UnrealProjects/GhostsVsThieves/GhostsVsThieves/Content/Modern_House_V1/Textures/Metal_4/T_Metal034_4K_Normal.uasset" 1031
"G:/UnrealProjects/GhostsVsThieves/GhostsVsThieves/Content/Modern_House_V1/Textures/Metal_4/T_Metal034_4K_Normal.uexp" 1032
"G:/UnrealProjects/GhostsVsThieves/GhostsVsThieves/Content/Modern_House_V1/Materials/M_Metal_5.uasset" 1033
"G:/UnrealProjects/GhostsVsThieves/GhostsVsThieves/Content/Modern_House_V1/Materials/M_Metal_5.uexp" 1034
"G:/UnrealProjects/GhostsVsThieves/GhostsVsThieves/Content/Modern_House_V1/Materials/Instance/M_Metal_5_Inst.uasset" 1035
"G:/UnrealProjects/GhostsVsThieves/GhostsVsThieves/Content/Modern_House_V1/Materials/Instance/M_Metal_5_Inst.uexp" 1036
"G:/UnrealProjects/GhostsVsThieves/GhostsVsThieves/Content/Modern_House_V1/Textures/Leather_1/T_Leather031_4K_Roughness.ubulk" 1037
"G:/UnrealProjects/GhostsVsThieves/GhostsVsThieves/Content/Modern_House_V1/Textures/Leather_1/T_Leather031_4K_Roughness.uasset" 1038
"G:/UnrealProjects/GhostsVsThieves/GhostsVsThieves/Content/Modern_House_V1/Textures/Leather_1/T_Leather031_4K_Roughness.uexp" 1039
"G:/UnrealProjects/GhostsVsThieves/GhostsVsThieves/Content/Modern_House_V1/Textures/Leather_1/T_Leather031_4K_Displacement.ubulk" 1040
"G:/UnrealProjects/GhostsVsThieves/GhostsVsThieves/Content/Modern_House_V1/Textures/Leather_1/T_Leather031_4K_Displacement.uasset" 1041
"G:/UnrealProjects/GhostsVsThieves/GhostsVsThieves/Content/Modern_House_V1/Textures/Leather_1/T_Leather031_4K_Displacement.uexp" 1042
"G:/UnrealProjects/GhostsVsThieves/GhostsVsThieves/Content/Modern_House_V1/Textures/Leather_1/T_Leather031_4K_Normal.ubulk" 1043
"G:/UnrealProjects/GhostsVsThieves/GhostsVsThieves/Content/Modern_House_V1/Textures/Leather_1/T_Leather031_4K_Normal.uasset" 1044
"G:/UnrealProjects/GhostsVsThieves/GhostsVsThieves/Content/Modern_House_V1/Textures/Leather_1/T_Leather031_4K_Normal.uexp" 1045
"G:/UnrealProjects/GhostsVsThieves/GhostsVsThieves/Content/Modern_House_V1/Textures/Leather_1/T_Leather031_4K_Color.ubulk" 1046
"G:/UnrealProjects/GhostsVsThieves/GhostsVsThieves/Content/Modern_House_V1/Textures/Leather_1/T_Leather031_4K_Color.uasset" 1047
"G:/UnrealProjects/GhostsVsThieves/GhostsVsThieves/Content/Modern_House_V1/Textures/Leather_1/T_Leather031_4K_Color.uexp" 1048
"G:/UnrealProjects/GhostsVsThieves/GhostsVsThieves/Content/Modern_House_V1/Materials/M_Leather_1.uasset" 1049
"G:/UnrealProjects/GhostsVsThieves/GhostsVsThieves/Content/Modern_House_V1/Materials/M_Leather_1.uexp" 1050
"G:/UnrealProjects/GhostsVsThieves/GhostsVsThieves/Content/Modern_House_V1/Materials/Instance/M_Leather_1_Inst.uasset" 1051
"G:/UnrealProjects/GhostsVsThieves/GhostsVsThieves/Content/Modern_House_V1/Materials/Instance/M_Leather_1_Inst.uexp" 1052
"G:/UnrealProjects/GhostsVsThieves/GhostsVsThieves/Content/Modern_House_V1/Mesh/SM_Chair_1.ubulk" 1053
"G:/UnrealProjects/GhostsVsThieves/GhostsVsThieves/Content/Modern_House_V1/Mesh/SM_Chair_1.uasset" 1054
"G:/UnrealProjects/GhostsVsThieves/GhostsVsThieves/Content/Modern_House_V1/Mesh/SM_Chair_1.uexp" 1055
"G:/UnrealProjects/GhostsVsThieves/GhostsVsThieves/Content/Modern_House_V1/Textures/Wood_4/T_Wood035_4K_Roughness.ubulk" 1056
"G:/UnrealProjects/GhostsVsThieves/GhostsVsThieves/Content/Modern_House_V1/Textures/Wood_4/T_Wood035_4K_Roughness.uasset" 1057
"G:/UnrealProjects/GhostsVsThieves/GhostsVsThieves/Content/Modern_House_V1/Textures/Wood_4/T_Wood035_4K_Roughness.uexp" 1058
"G:/UnrealProjects/GhostsVsThieves/GhostsVsThieves/Content/Modern_House_V1/Textures/Wood_4/T_Wood035_4K_Color.ubulk" 1059
"G:/UnrealProjects/GhostsVsThieves/GhostsVsThieves/Content/Modern_House_V1/Textures/Wood_4/T_Wood035_4K_Color.uasset" 1060
"G:/UnrealProjects/GhostsVsThieves/GhostsVsThieves/Content/Modern_House_V1/Textures/Wood_4/T_Wood035_4K_Color.uexp" 1061
"G:/UnrealProjects/GhostsVsThieves/GhostsVsThieves/Content/Modern_House_V1/Textures/Wood_4/T_Wood035_4K_Displacement.ubulk" 1062
"G:/UnrealProjects/GhostsVsThieves/GhostsVsThieves/Content/Modern_House_V1/Textures/Wood_4/T_Wood035_4K_Displacement.uasset" 1063
"G:/UnrealProjects/GhostsVsThieves/GhostsVsThieves/Content/Modern_House_V1/Textures/Wood_4/T_Wood035_4K_Displacement.uexp" 1064
"G:/UnrealProjects/GhostsVsThieves/GhostsVsThieves/Content/Modern_House_V1/Textures/Wood_4/T_Wood035_4K_Normal.ubulk" 1065
"G:/UnrealProjects/GhostsVsThieves/GhostsVsThieves/Content/Modern_House_V1/Textures/Wood_4/T_Wood035_4K_Normal.uasset" 1066
"G:/UnrealProjects/GhostsVsThieves/GhostsVsThieves/Content/Modern_House_V1/Textures/Wood_4/T_Wood035_4K_Normal.uexp" 1067
"G:/UnrealProjects/GhostsVsThieves/GhostsVsThieves/Content/Modern_House_V1/Materials/M_Wood_4.uasset" 1068
"G:/UnrealProjects/GhostsVsThieves/GhostsVsThieves/Content/Modern_House_V1/Materials/M_Wood_4.uexp" 1069
"G:/UnrealProjects/GhostsVsThieves/GhostsVsThieves/Content/Modern_House_V1/Materials/Instance/M_Wood_4_Inst.uasset" 1070
"G:/UnrealProjects/GhostsVsThieves/GhostsVsThieves/Content/Modern_House_V1/Materials/Instance/M_Wood_4_Inst.uexp" 1071
"G:/UnrealProjects/GhostsVsThieves/GhostsVsThieves/Content/Modern_House_V1/Mesh/SM_Chair_2.ubulk" 1072
"G:/UnrealProjects/GhostsVsThieves/GhostsVsThieves/Content/Modern_House_V1/Mesh/SM_Chair_2.uasset" 1073
"G:/UnrealProjects/GhostsVsThieves/GhostsVsThieves/Content/Modern_House_V1/Mesh/SM_Chair_2.uexp" 1074
"G:/UnrealProjects/GhostsVsThieves/GhostsVsThieves/Content/Data/GhostDataAssets/DA_Ghost_Electrical.uasset" 1075
"G:/UnrealProjects/GhostsVsThieves/GhostsVsThieves/Content/Data/GhostDataAssets/DA_Ghost_Electrical.uexp" 1076
"G:/UnrealProjects/GhostsVsThieves/GhostsVsThieves/Content/Modern_House_V1/Textures/Metal_2/T_Metal030_4K_Normal.ubulk" 1077
"G:/UnrealProjects/GhostsVsThieves/GhostsVsThieves/Content/Modern_House_V1/Textures/Metal_2/T_Metal030_4K_Normal.uasset" 1078
"G:/UnrealProjects/GhostsVsThieves/GhostsVsThieves/Content/Modern_House_V1/Textures/Metal_2/T_Metal030_4K_Normal.uexp" 1079
"G:/UnrealProjects/GhostsVsThieves/GhostsVsThieves/Content/Modern_House_V1/Textures/Metal_2/T_Metal030_4K_Roughness.ubulk" 1080
"G:/UnrealProjects/GhostsVsThieves/GhostsVsThieves/Content/Modern_House_V1/Textures/Metal_2/T_Metal030_4K_Roughness.uasset" 1081
"G:/UnrealProjects/GhostsVsThieves/GhostsVsThieves/Content/Modern_House_V1/Textures/Metal_2/T_Metal030_4K_Roughness.uexp" 1082
"G:/UnrealProjects/GhostsVsThieves/GhostsVsThieves/Content/Modern_House_V1/Textures/Metal_2/T_Metal030_4K_Color.ubulk" 1083
"G:/UnrealProjects/GhostsVsThieves/GhostsVsThieves/Content/Modern_House_V1/Textures/Metal_2/T_Metal030_4K_Color.uasset" 1084
"G:/UnrealProjects/GhostsVsThieves/GhostsVsThieves/Content/Modern_House_V1/Textures/Metal_2/T_Metal030_4K_Color.uexp" 1085
"G:/UnrealProjects/GhostsVsThieves/GhostsVsThieves/Content/Modern_House_V1/Textures/Metal_2/T_Metal030_4K_Displacement.ubulk" 1086
"G:/UnrealProjects/GhostsVsThieves/GhostsVsThieves/Content/Modern_House_V1/Textures/Metal_2/T_Metal030_4K_Displacement.uasset" 1087
"G:/UnrealProjects/GhostsVsThieves/GhostsVsThieves/Content/Modern_House_V1/Textures/Metal_2/T_Metal030_4K_Displacement.uexp" 1088
"G:/UnrealProjects/GhostsVsThieves/GhostsVsThieves/Content/Modern_House_V1/Materials/M_Metal_2.uasset" 1089
"G:/UnrealProjects/GhostsVsThieves/GhostsVsThieves/Content/Modern_House_V1/Materials/M_Metal_2.uexp" 1090
"G:/UnrealProjects/GhostsVsThieves/GhostsVsThieves/Content/Modern_House_V1/Materials/Instance/M_Metal_2_Inst.uasset" 1091
"G:/UnrealProjects/GhostsVsThieves/GhostsVsThieves/Content/Modern_House_V1/Materials/Instance/M_Metal_2_Inst.uexp" 1092
"G:/UnrealProjects/GhostsVsThieves/GhostsVsThieves/Content/Modern_House_V1/Materials/M_Glass.uasset" 1093
"G:/UnrealProjects/GhostsVsThieves/GhostsVsThieves/Content/Modern_House_V1/Materials/M_Glass.uexp" 1094
"G:/UnrealProjects/GhostsVsThieves/GhostsVsThieves/Content/Modern_House_V1/Materials/Instance/M_Glass_Inst.uasset" 1095
"G:/UnrealProjects/GhostsVsThieves/GhostsVsThieves/Content/Modern_House_V1/Materials/Instance/M_Glass_Inst.uexp" 1096
"G:/UnrealProjects/GhostsVsThieves/GhostsVsThieves/Content/Modern_House_V1/Mesh/SM_Door_1.ubulk" 1097
"G:/UnrealProjects/GhostsVsThieves/GhostsVsThieves/Content/Modern_House_V1/Mesh/SM_Door_1.uasset" 1098
"G:/UnrealProjects/GhostsVsThieves/GhostsVsThieves/Content/Modern_House_V1/Mesh/SM_Door_1.uexp" 1099
"G:/UnrealProjects/GhostsVsThieves/GhostsVsThieves/Content/Modern_House_V1/Textures/Plastic_2/T_Plastic011_4K_Displacement.ubulk" 1100
"G:/UnrealProjects/GhostsVsThieves/GhostsVsThieves/Content/Modern_House_V1/Textures/Plastic_2/T_Plastic011_4K_Displacement.uasset" 1101
"G:/UnrealProjects/GhostsVsThieves/GhostsVsThieves/Content/Modern_House_V1/Textures/Plastic_2/T_Plastic011_4K_Displacement.uexp" 1102
"G:/UnrealProjects/GhostsVsThieves/GhostsVsThieves/Content/Modern_House_V1/Textures/Plastic_2/T_Plastic011_4K_Roughness.ubulk" 1103
"G:/UnrealProjects/GhostsVsThieves/GhostsVsThieves/Content/Modern_House_V1/Textures/Plastic_2/T_Plastic011_4K_Roughness.uasset" 1104
"G:/UnrealProjects/GhostsVsThieves/GhostsVsThieves/Content/Modern_House_V1/Textures/Plastic_2/T_Plastic011_4K_Roughness.uexp" 1105
"G:/UnrealProjects/GhostsVsThieves/GhostsVsThieves/Content/Modern_House_V1/Textures/Plastic_1/T_Plastic_3K_Normal.uasset" 1106
"G:/UnrealProjects/GhostsVsThieves/GhostsVsThieves/Content/Modern_House_V1/Textures/Plastic_1/T_Plastic_3K_Normal.uexp" 1107
"G:/UnrealProjects/GhostsVsThieves/GhostsVsThieves/Content/Modern_House_V1/Materials/M_Plastic_1.uasset" 1108
"G:/UnrealProjects/GhostsVsThieves/GhostsVsThieves/Content/Modern_House_V1/Materials/M_Plastic_1.uexp" 1109
"G:/UnrealProjects/GhostsVsThieves/GhostsVsThieves/Content/Modern_House_V1/Materials/Instance/M_Plastic_1_Inst2.uasset" 1110
"G:/UnrealProjects/GhostsVsThieves/GhostsVsThieves/Content/Modern_House_V1/Materials/Instance/M_Plastic_1_Inst2.uexp" 1111
"G:/UnrealProjects/GhostsVsThieves/GhostsVsThieves/Content/Modern_House_V1/Textures/Wood_3/T_Wood028_4K_Normal.ubulk" 1112
"G:/UnrealProjects/GhostsVsThieves/GhostsVsThieves/Content/Modern_House_V1/Textures/Wood_3/T_Wood028_4K_Normal.uasset" 1113
"G:/UnrealProjects/GhostsVsThieves/GhostsVsThieves/Content/Modern_House_V1/Textures/Wood_3/T_Wood028_4K_Normal.uexp" 1114
"G:/UnrealProjects/GhostsVsThieves/GhostsVsThieves/Content/Modern_House_V1/Textures/Wood_3/T_Wood028_4K_Roughness.ubulk" 1115
"G:/UnrealProjects/GhostsVsThieves/GhostsVsThieves/Content/Modern_House_V1/Textures/Wood_3/T_Wood028_4K_Roughness.uasset" 1116
"G:/UnrealProjects/GhostsVsThieves/GhostsVsThieves/Content/Modern_House_V1/Textures/Wood_3/T_Wood028_4K_Roughness.uexp" 1117
"G:/UnrealProjects/GhostsVsThieves/GhostsVsThieves/Content/Modern_House_V1/Textures/Wood_3/T_Wood028_4K_Color.ubulk" 1118
"G:/UnrealProjects/GhostsVsThieves/GhostsVsThieves/Content/Modern_House_V1/Textures/Wood_3/T_Wood028_4K_Color.uasset" 1119
"G:/UnrealProjects/GhostsVsThieves/GhostsVsThieves/Content/Modern_House_V1/Textures/Wood_3/T_Wood028_4K_Color.uexp" 1120
"G:/UnrealProjects/GhostsVsThieves/GhostsVsThieves/Content/Modern_House_V1/Textures/Wood_3/T_Wood028_4K_Displacement.ubulk" 1121
"G:/UnrealProjects/GhostsVsThieves/GhostsVsThieves/Content/Modern_House_V1/Textures/Wood_3/T_Wood028_4K_Displacement.uasset" 1122
"G:/UnrealProjects/GhostsVsThieves/GhostsVsThieves/Content/Modern_House_V1/Textures/Wood_3/T_Wood028_4K_Displacement.uexp" 1123
"G:/UnrealProjects/GhostsVsThieves/GhostsVsThieves/Content/Modern_House_V1/Materials/M_Wood_3.uasset" 1124
"G:/UnrealProjects/GhostsVsThieves/GhostsVsThieves/Content/Modern_House_V1/Materials/M_Wood_3.uexp" 1125
"G:/UnrealProjects/GhostsVsThieves/GhostsVsThieves/Content/Modern_House_V1/Materials/Instance/M_Wood_3_Inst.uasset" 1126
"G:/UnrealProjects/GhostsVsThieves/GhostsVsThieves/Content/Modern_House_V1/Materials/Instance/M_Wood_3_Inst.uexp" 1127
"G:/UnrealProjects/GhostsVsThieves/GhostsVsThieves/Content/Modern_House_V1/Mesh/SM_Door_3.ubulk" 1128
"G:/UnrealProjects/GhostsVsThieves/GhostsVsThieves/Content/Modern_House_V1/Mesh/SM_Door_3.uasset" 1129
"G:/UnrealProjects/GhostsVsThieves/GhostsVsThieves/Content/Modern_House_V1/Mesh/SM_Door_3.uexp" 1130
"G:/UnrealProjects/GhostsVsThieves/GhostsVsThieves/Content/UnrealBucket/Library/ArchViz/OrnateMirror/T_OrnateMirror_Mask.ubulk" 1131
"G:/UnrealProjects/GhostsVsThieves/GhostsVsThieves/Content/UnrealBucket/Library/ArchViz/OrnateMirror/T_OrnateMirror_Mask.uasset" 1132
"G:/UnrealProjects/GhostsVsThieves/GhostsVsThieves/Content/UnrealBucket/Library/ArchViz/OrnateMirror/T_OrnateMirror_Mask.uexp" 1133
"G:/UnrealProjects/GhostsVsThieves/GhostsVsThieves/Content/UnrealBucket/Library/ArchViz/OrnateMirror/T_OrnateMirror_Albedo.ubulk" 1134
"G:/UnrealProjects/GhostsVsThieves/GhostsVsThieves/Content/UnrealBucket/Library/ArchViz/OrnateMirror/T_OrnateMirror_Albedo.uasset" 1135
"G:/UnrealProjects/GhostsVsThieves/GhostsVsThieves/Content/UnrealBucket/Library/ArchViz/OrnateMirror/T_OrnateMirror_Albedo.uexp" 1136
"G:/UnrealProjects/GhostsVsThieves/GhostsVsThieves/Content/UnrealBucket/Library/ArchViz/OrnateMirror/T_OrnateMirror_Normal.ubulk" 1137
"G:/UnrealProjects/GhostsVsThieves/GhostsVsThieves/Content/UnrealBucket/Library/ArchViz/OrnateMirror/T_OrnateMirror_Normal.uasset" 1138
"G:/UnrealProjects/GhostsVsThieves/GhostsVsThieves/Content/UnrealBucket/Library/ArchViz/OrnateMirror/T_OrnateMirror_Normal.uexp" 1139
"G:/UnrealProjects/GhostsVsThieves/GhostsVsThieves/Content/UnrealBucket/Library/ArchViz/OrnateMirror/M_OrnateMirror.uasset" 1140
"G:/UnrealProjects/GhostsVsThieves/GhostsVsThieves/Content/UnrealBucket/Library/ArchViz/OrnateMirror/M_OrnateMirror.uexp" 1141
"G:/UnrealProjects/GhostsVsThieves/GhostsVsThieves/Content/UnrealBucket/Library/ArchViz/OrnateMirror/MI_OrnateMirror.uasset" 1142
"G:/UnrealProjects/GhostsVsThieves/GhostsVsThieves/Content/UnrealBucket/Library/ArchViz/OrnateMirror/MI_OrnateMirror.uexp" 1143
"G:/UnrealProjects/GhostsVsThieves/GhostsVsThieves/Content/UnrealBucket/Library/ArchViz/OrnateMirror/SM_OrnateMirror.ubulk" 1144
"G:/UnrealProjects/GhostsVsThieves/GhostsVsThieves/Content/UnrealBucket/Library/ArchViz/OrnateMirror/SM_OrnateMirror.uasset" 1145
"G:/UnrealProjects/GhostsVsThieves/GhostsVsThieves/Content/UnrealBucket/Library/ArchViz/OrnateMirror/SM_OrnateMirror.uexp" 1146
"G:/UnrealProjects/GhostsVsThieves/GhostsVsThieves/Content/Modern_House_V1/Textures/Metal_3/T_PaintedMetal006_4K_Roughness.ubulk" 1147
"G:/UnrealProjects/GhostsVsThieves/GhostsVsThieves/Content/Modern_House_V1/Textures/Metal_3/T_PaintedMetal006_4K_Roughness.uasset" 1148
"G:/UnrealProjects/GhostsVsThieves/GhostsVsThieves/Content/Modern_House_V1/Textures/Metal_3/T_PaintedMetal006_4K_Roughness.uexp" 1149
"G:/UnrealProjects/GhostsVsThieves/GhostsVsThieves/Content/Modern_House_V1/Textures/Metal_3/T_PaintedMetal006_4K_AmbientOcclusion.ubulk" 1150
"G:/UnrealProjects/GhostsVsThieves/GhostsVsThieves/Content/Modern_House_V1/Textures/Metal_3/T_PaintedMetal006_4K_AmbientOcclusion.uasset" 1151
"G:/UnrealProjects/GhostsVsThieves/GhostsVsThieves/Content/Modern_House_V1/Textures/Metal_3/T_PaintedMetal006_4K_AmbientOcclusion.uexp" 1152
"G:/UnrealProjects/GhostsVsThieves/GhostsVsThieves/Content/Modern_House_V1/Textures/Metal_3/T_PaintedMetal006_4K_Displacement.ubulk" 1153
"G:/UnrealProjects/GhostsVsThieves/GhostsVsThieves/Content/Modern_House_V1/Textures/Metal_3/T_PaintedMetal006_4K_Displacement.uasset" 1154
"G:/UnrealProjects/GhostsVsThieves/GhostsVsThieves/Content/Modern_House_V1/Textures/Metal_3/T_PaintedMetal006_4K_Displacement.uexp" 1155
"G:/UnrealProjects/GhostsVsThieves/GhostsVsThieves/Content/Modern_House_V1/Textures/Metal_3/T_PaintedMetal006_4K_Color.ubulk" 1156
"G:/UnrealProjects/GhostsVsThieves/GhostsVsThieves/Content/Modern_House_V1/Textures/Metal_3/T_PaintedMetal006_4K_Color.uasset" 1157
"G:/UnrealProjects/GhostsVsThieves/GhostsVsThieves/Content/Modern_House_V1/Textures/Metal_3/T_PaintedMetal006_4K_Color.uexp" 1158
"G:/UnrealProjects/GhostsVsThieves/GhostsVsThieves/Content/Modern_House_V1/Textures/Metal_3/T_PaintedMetal006_4K_Normal.ubulk" 1159
"G:/UnrealProjects/GhostsVsThieves/GhostsVsThieves/Content/Modern_House_V1/Textures/Metal_3/T_PaintedMetal006_4K_Normal.uasset" 1160
"G:/UnrealProjects/GhostsVsThieves/GhostsVsThieves/Content/Modern_House_V1/Textures/Metal_3/T_PaintedMetal006_4K_Normal.uexp" 1161
"G:/UnrealProjects/GhostsVsThieves/GhostsVsThieves/Content/Modern_House_V1/Materials/M_Metal_3.uasset" 1162
"G:/UnrealProjects/GhostsVsThieves/GhostsVsThieves/Content/Modern_House_V1/Materials/M_Metal_3.uexp" 1163
"G:/UnrealProjects/GhostsVsThieves/GhostsVsThieves/Content/Modern_House_V1/Materials/Instance/M_Metal_3_Inst.uasset" 1164
"G:/UnrealProjects/GhostsVsThieves/GhostsVsThieves/Content/Modern_House_V1/Materials/Instance/M_Metal_3_Inst.uexp" 1165
"G:/UnrealProjects/GhostsVsThieves/GhostsVsThieves/Content/Modern_House_V1/Mesh/SM_Cabinet_2_Door_A.ubulk" 1166
"G:/UnrealProjects/GhostsVsThieves/GhostsVsThieves/Content/Modern_House_V1/Mesh/SM_Cabinet_2_Door_A.uasset" 1167
"G:/UnrealProjects/GhostsVsThieves/GhostsVsThieves/Content/Modern_House_V1/Mesh/SM_Cabinet_2_Door_A.uexp" 1168
"G:/UnrealProjects/GhostsVsThieves/GhostsVsThieves/Content/Modern_House_V1/Materials/M_Mirror.uasset" 1169
"G:/UnrealProjects/GhostsVsThieves/GhostsVsThieves/Content/Modern_House_V1/Materials/M_Mirror.uexp" 1170
"G:/UnrealProjects/GhostsVsThieves/GhostsVsThieves/Content/Modern_House_V1/Mesh/SM_Mirror.ubulk" 1171
"G:/UnrealProjects/GhostsVsThieves/GhostsVsThieves/Content/Modern_House_V1/Mesh/SM_Mirror.uasset" 1172
"G:/UnrealProjects/GhostsVsThieves/GhostsVsThieves/Content/Modern_House_V1/Mesh/SM_Mirror.uexp" 1173
"G:/UnrealProjects/GhostsVsThieves/GhostsVsThieves/Content/Modern_House_V1/Mesh/SM_Door_Frame_1.ubulk" 1174
"G:/UnrealProjects/GhostsVsThieves/GhostsVsThieves/Content/Modern_House_V1/Mesh/SM_Door_Frame_1.uasset" 1175
"G:/UnrealProjects/GhostsVsThieves/GhostsVsThieves/Content/Modern_House_V1/Mesh/SM_Door_Frame_1.uexp" 1176
"G:/UnrealProjects/GhostsVsThieves/GhostsVsThieves/Content/Modern_House_V1/Textures/Wood_7/T_Wood037_4K_Color.ubulk" 1177
"G:/UnrealProjects/GhostsVsThieves/GhostsVsThieves/Content/Modern_House_V1/Textures/Wood_7/T_Wood037_4K_Color.uasset" 1178
"G:/UnrealProjects/GhostsVsThieves/GhostsVsThieves/Content/Modern_House_V1/Textures/Wood_7/T_Wood037_4K_Color.uexp" 1179
"G:/UnrealProjects/GhostsVsThieves/GhostsVsThieves/Content/Modern_House_V1/Textures/Wood_7/T_Wood037_4K_Normal.ubulk" 1180
"G:/UnrealProjects/GhostsVsThieves/GhostsVsThieves/Content/Modern_House_V1/Textures/Wood_7/T_Wood037_4K_Normal.uasset" 1181
"G:/UnrealProjects/GhostsVsThieves/GhostsVsThieves/Content/Modern_House_V1/Textures/Wood_7/T_Wood037_4K_Normal.uexp" 1182
"G:/UnrealProjects/GhostsVsThieves/GhostsVsThieves/Content/Modern_House_V1/Textures/Wood_7/T_Wood037_4K_Displacement.ubulk" 1183
"G:/UnrealProjects/GhostsVsThieves/GhostsVsThieves/Content/Modern_House_V1/Textures/Wood_7/T_Wood037_4K_Displacement.uasset" 1184
"G:/UnrealProjects/GhostsVsThieves/GhostsVsThieves/Content/Modern_House_V1/Textures/Wood_7/T_Wood037_4K_Displacement.uexp" 1185
"G:/UnrealProjects/GhostsVsThieves/GhostsVsThieves/Content/Modern_House_V1/Textures/Wood_7/T_Wood037_4K_Roughness.ubulk" 1186
"G:/UnrealProjects/GhostsVsThieves/GhostsVsThieves/Content/Modern_House_V1/Textures/Wood_7/T_Wood037_4K_Roughness.uasset" 1187
"G:/UnrealProjects/GhostsVsThieves/GhostsVsThieves/Content/Modern_House_V1/Textures/Wood_7/T_Wood037_4K_Roughness.uexp" 1188
"G:/UnrealProjects/GhostsVsThieves/GhostsVsThieves/Content/Modern_House_V1/Materials/M_Wood_7.uasset" 1189
"G:/UnrealProjects/GhostsVsThieves/GhostsVsThieves/Content/Modern_House_V1/Materials/M_Wood_7.uexp" 1190
"G:/UnrealProjects/GhostsVsThieves/GhostsVsThieves/Content/Modern_House_V1/Materials/Instance/M_Wood_7_Inst.uasset" 1191
"G:/UnrealProjects/GhostsVsThieves/GhostsVsThieves/Content/Modern_House_V1/Materials/Instance/M_Wood_7_Inst.uexp" 1192
"G:/UnrealProjects/GhostsVsThieves/GhostsVsThieves/Content/Modern_House_V1/Mesh/SM_Door_Frame_2.ubulk" 1193
"G:/UnrealProjects/GhostsVsThieves/GhostsVsThieves/Content/Modern_House_V1/Mesh/SM_Door_Frame_2.uasset" 1194
"G:/UnrealProjects/GhostsVsThieves/GhostsVsThieves/Content/Modern_House_V1/Mesh/SM_Door_Frame_2.uexp" 1195
"G:/UnrealProjects/GhostsVsThieves/GhostsVsThieves/Content/Modern_House_V1/Materials/Instance/M_Metal_2_Inst1.uasset" 1196
"G:/UnrealProjects/GhostsVsThieves/GhostsVsThieves/Content/Modern_House_V1/Materials/Instance/M_Metal_2_Inst1.uexp" 1197
"G:/UnrealProjects/GhostsVsThieves/GhostsVsThieves/Content/Modern_House_V1/Textures/Porcelain_1/T_Porcelain002_4K_Roughness.ubulk" 1198
"G:/UnrealProjects/GhostsVsThieves/GhostsVsThieves/Content/Modern_House_V1/Textures/Porcelain_1/T_Porcelain002_4K_Roughness.uasset" 1199
"G:/UnrealProjects/GhostsVsThieves/GhostsVsThieves/Content/Modern_House_V1/Textures/Porcelain_1/T_Porcelain002_4K_Roughness.uexp" 1200
"G:/UnrealProjects/GhostsVsThieves/GhostsVsThieves/Content/Modern_House_V1/Textures/Porcelain_1/T_Porcelain002_4K_Color.ubulk" 1201
"G:/UnrealProjects/GhostsVsThieves/GhostsVsThieves/Content/Modern_House_V1/Textures/Porcelain_1/T_Porcelain002_4K_Color.uasset" 1202
"G:/UnrealProjects/GhostsVsThieves/GhostsVsThieves/Content/Modern_House_V1/Textures/Porcelain_1/T_Porcelain002_4K_Color.uexp" 1203
"G:/UnrealProjects/GhostsVsThieves/GhostsVsThieves/Content/Modern_House_V1/Textures/Porcelain_1/T_Porcelain002_4K_Normal.ubulk" 1204
"G:/UnrealProjects/GhostsVsThieves/GhostsVsThieves/Content/Modern_House_V1/Textures/Porcelain_1/T_Porcelain002_4K_Normal.uasset" 1205
"G:/UnrealProjects/GhostsVsThieves/GhostsVsThieves/Content/Modern_House_V1/Textures/Porcelain_1/T_Porcelain002_4K_Normal.uexp" 1206
"G:/UnrealProjects/GhostsVsThieves/GhostsVsThieves/Content/Modern_House_V1/Textures/Porcelain_1/T_Porcelain002_4K_Displacement.ubulk" 1207
"G:/UnrealProjects/GhostsVsThieves/GhostsVsThieves/Content/Modern_House_V1/Textures/Porcelain_1/T_Porcelain002_4K_Displacement.uasset" 1208
"G:/UnrealProjects/GhostsVsThieves/GhostsVsThieves/Content/Modern_House_V1/Textures/Porcelain_1/T_Porcelain002_4K_Displacement.uexp" 1209
"G:/UnrealProjects/GhostsVsThieves/GhostsVsThieves/Content/Modern_House_V1/Materials/M_Porcelain_1.uasset" 1210
"G:/UnrealProjects/GhostsVsThieves/GhostsVsThieves/Content/Modern_House_V1/Materials/M_Porcelain_1.uexp" 1211
"G:/UnrealProjects/GhostsVsThieves/GhostsVsThieves/Content/Modern_House_V1/Materials/Instance/M_Porcelain_1_Inst.uasset" 1212
"G:/UnrealProjects/GhostsVsThieves/GhostsVsThieves/Content/Modern_House_V1/Materials/Instance/M_Porcelain_1_Inst.uexp" 1213
"G:/UnrealProjects/GhostsVsThieves/GhostsVsThieves/Content/Modern_House_V1/Mesh/SM_Cabinet_11_Shelf.ubulk" 1214
"G:/UnrealProjects/GhostsVsThieves/GhostsVsThieves/Content/Modern_House_V1/Mesh/SM_Cabinet_11_Shelf.uasset" 1215
"G:/UnrealProjects/GhostsVsThieves/GhostsVsThieves/Content/Modern_House_V1/Mesh/SM_Cabinet_11_Shelf.uexp" 1216
"G:/UnrealProjects/GhostsVsThieves/GhostsVsThieves/Content/Blueprints/Audio/BP_GvTAmbientAudioPoint.uasset" 1217
"G:/UnrealProjects/GhostsVsThieves/GhostsVsThieves/Content/Blueprints/Audio/BP_GvTAmbientAudioPoint.uexp" 1218
"G:/UnrealProjects/GhostsVsThieves/GhostsVsThieves/Content/Modern_House_V1/Textures/Paper_1/T_Paper001_3K_Normal.uasset" 1219
"G:/UnrealProjects/GhostsVsThieves/GhostsVsThieves/Content/Modern_House_V1/Textures/Paper_1/T_Paper001_3K_Normal.uexp" 1220
"G:/UnrealProjects/GhostsVsThieves/GhostsVsThieves/Content/Modern_House_V1/Textures/Color_1/T_White.ubulk" 1221
"G:/UnrealProjects/GhostsVsThieves/GhostsVsThieves/Content/Modern_House_V1/Textures/Color_1/T_White.uasset" 1222
"G:/UnrealProjects/GhostsVsThieves/GhostsVsThieves/Content/Modern_House_V1/Textures/Color_1/T_White.uexp" 1223
"G:/UnrealProjects/GhostsVsThieves/GhostsVsThieves/Content/Modern_House_V1/Textures/Color_1/T_Roughness1.ubulk" 1224
"G:/UnrealProjects/GhostsVsThieves/GhostsVsThieves/Content/Modern_House_V1/Textures/Color_1/T_Roughness1.uasset" 1225
"G:/UnrealProjects/GhostsVsThieves/GhostsVsThieves/Content/Modern_House_V1/Textures/Color_1/T_Roughness1.uexp" 1226
"G:/UnrealProjects/GhostsVsThieves/GhostsVsThieves/Content/Modern_House_V1/Materials/M_Color_1.uasset" 1227
"G:/UnrealProjects/GhostsVsThieves/GhostsVsThieves/Content/Modern_House_V1/Materials/M_Color_1.uexp" 1228
"G:/UnrealProjects/GhostsVsThieves/GhostsVsThieves/Content/Modern_House_V1/Materials/Instance/M_Color_1_Inst1.uasset" 1229
"G:/UnrealProjects/GhostsVsThieves/GhostsVsThieves/Content/Modern_House_V1/Materials/Instance/M_Color_1_Inst1.uexp" 1230
"G:/UnrealProjects/GhostsVsThieves/GhostsVsThieves/Content/Modern_House_V1/Materials/Instance/M_Color_1_Inst2.uasset" 1231
"G:/UnrealProjects/GhostsVsThieves/GhostsVsThieves/Content/Modern_House_V1/Materials/Instance/M_Color_1_Inst2.uexp" 1232
"G:/UnrealProjects/GhostsVsThieves/GhostsVsThieves/Content/Modern_House_V1/Materials/Instance/M_Metal_1_Inst1.uasset" 1233
"G:/UnrealProjects/GhostsVsThieves/GhostsVsThieves/Content/Modern_House_V1/Materials/Instance/M_Metal_1_Inst1.uexp" 1234
"G:/UnrealProjects/GhostsVsThieves/GhostsVsThieves/Content/Modern_House_V1/Mesh/SM_Water_tap_1.ubulk" 1235
"G:/UnrealProjects/GhostsVsThieves/GhostsVsThieves/Content/Modern_House_V1/Mesh/SM_Water_tap_1.uasset" 1236
"G:/UnrealProjects/GhostsVsThieves/GhostsVsThieves/Content/Modern_House_V1/Mesh/SM_Water_tap_1.uexp" 1237
"G:/UnrealProjects/GhostsVsThieves/GhostsVsThieves/Content/Modern_House_V1/Mesh/SM_Water_Tap_2.ubulk" 1238
"G:/UnrealProjects/GhostsVsThieves/GhostsVsThieves/Content/Modern_House_V1/Mesh/SM_Water_Tap_2.uasset" 1239
"G:/UnrealProjects/GhostsVsThieves/GhostsVsThieves/Content/Modern_House_V1/Mesh/SM_Water_Tap_2.uexp" 1240
"../../../Engine/Content/Functions/Engine_MaterialFunctions01/Shading/ConvertFromDiffSpec.uasset" 1241
"../../../Engine/Content/Functions/Engine_MaterialFunctions01/Shading/ConvertFromDiffSpec.uexp" 1242
"../../../Engine/Plugins/Interchange/Assets/Content/Materials/MapOrScalarFunction.uasset" 1243
"../../../Engine/Plugins/Interchange/Assets/Content/Materials/MapOrScalarFunction.uexp" 1244
"../../../Engine/Plugins/Interchange/Assets/Content/Materials/MapOrLinearColorFunction.uasset" 1245
"../../../Engine/Plugins/Interchange/Assets/Content/Materials/MapOrLinearColorFunction.uexp" 1246
"../../../Engine/Content/EngineMaterials/DefaultNormal.ubulk" 1247
"../../../Engine/Content/EngineMaterials/DefaultNormal.uasset" 1248
"../../../Engine/Content/EngineMaterials/DefaultNormal.uexp" 1249
"../../../Engine/Content/EngineResources/DefaultTexture.ubulk" 1250
"../../../Engine/Content/EngineResources/DefaultTexture.uasset" 1251
"../../../Engine/Content/EngineResources/DefaultTexture.uexp" 1252
"../../../Engine/Plugins/Interchange/Assets/Content/Materials/MapOrColorFunction.uasset" 1253
"../../../Engine/Plugins/Interchange/Assets/Content/Materials/MapOrColorFunction.uexp" 1254
"../../../Engine/Plugins/Interchange/Assets/Content/Materials/PhongSurfaceMaterial.uasset" 1255
"../../../Engine/Plugins/Interchange/Assets/Content/Materials/PhongSurfaceMaterial.uexp" 1256
"G:/UnrealProjects/GhostsVsThieves/GhostsVsThieves/Content/Fab/Pill/Material_001.uasset" 1257
"G:/UnrealProjects/GhostsVsThieves/GhostsVsThieves/Content/Fab/Pill/Material_001.uexp" 1258
"G:/UnrealProjects/GhostsVsThieves/GhostsVsThieves/Content/Fab/Pill/Material_002.uasset" 1259
"G:/UnrealProjects/GhostsVsThieves/GhostsVsThieves/Content/Fab/Pill/Material_002.uexp" 1260
"G:/UnrealProjects/GhostsVsThieves/GhostsVsThieves/Content/Fab/Pill/pillola.ubulk" 1261
"G:/UnrealProjects/GhostsVsThieves/GhostsVsThieves/Content/Fab/Pill/pillola.uasset" 1262
"G:/UnrealProjects/GhostsVsThieves/GhostsVsThieves/Content/Fab/Pill/pillola.uexp" 1263
"G:/UnrealProjects/GhostsVsThieves/GhostsVsThieves/Content/Art/Tempimages/PillImage.uasset" 1264
"G:/UnrealProjects/GhostsVsThieves/GhostsVsThieves/Content/Art/Tempimages/PillImage.uexp" 1265
"G:/UnrealProjects/GhostsVsThieves/GhostsVsThieves/Content/Audio/SFX/Gulp.ubulk" 1266
"G:/UnrealProjects/GhostsVsThieves/GhostsVsThieves/Content/Audio/SFX/Gulp.uasset" 1267
"G:/UnrealProjects/GhostsVsThieves/GhostsVsThieves/Content/Audio/SFX/Gulp.uexp" 1268
"G:/UnrealProjects/GhostsVsThieves/GhostsVsThieves/Content/Blueprints/Equipment/Meds/BP_Item_Medicine.uasset" 1269
"G:/UnrealProjects/GhostsVsThieves/GhostsVsThieves/Content/Blueprints/Equipment/Meds/BP_Item_Medicine.uexp" 1270
"G:/UnrealProjects/GhostsVsThieves/GhostsVsThieves/Content/Maps/L_House_MVP_BuiltData.ubulk" 1271
"G:/UnrealProjects/GhostsVsThieves/GhostsVsThieves/Content/Maps/L_House_MVP_BuiltData.uasset" 1272
"G:/UnrealProjects/GhostsVsThieves/GhostsVsThieves/Content/Maps/L_House_MVP_BuiltData.uexp" 1273
"G:/UnrealProjects/GhostsVsThieves/GhostsVsThieves/Content/Modern_House_V1/Mesh/SM_Table_1.ubulk" 1274
"G:/UnrealProjects/GhostsVsThieves/GhostsVsThieves/Content/Modern_House_V1/Mesh/SM_Table_1.uasset" 1275
"G:/UnrealProjects/GhostsVsThieves/GhostsVsThieves/Content/Modern_House_V1/Mesh/SM_Table_1.uexp" 1276
"G:/UnrealProjects/GhostsVsThieves/GhostsVsThieves/Content/Modern_House_V1/Textures/Porcelain_2/T_Porcelain003_4K_Displacement.ubulk" 1277
"G:/UnrealProjects/GhostsVsThieves/GhostsVsThieves/Content/Modern_House_V1/Textures/Porcelain_2/T_Porcelain003_4K_Displacement.uasset" 1278
"G:/UnrealProjects/GhostsVsThieves/GhostsVsThieves/Content/Modern_House_V1/Textures/Porcelain_2/T_Porcelain003_4K_Displacement.uexp" 1279
"G:/UnrealProjects/GhostsVsThieves/GhostsVsThieves/Content/Modern_House_V1/Textures/Porcelain_2/T_Porcelain003_4K_Color.ubulk" 1280
"G:/UnrealProjects/GhostsVsThieves/GhostsVsThieves/Content/Modern_House_V1/Textures/Porcelain_2/T_Porcelain003_4K_Color.uasset" 1281
"G:/UnrealProjects/GhostsVsThieves/GhostsVsThieves/Content/Modern_House_V1/Textures/Porcelain_2/T_Porcelain003_4K_Color.uexp" 1282
"G:/UnrealProjects/GhostsVsThieves/GhostsVsThieves/Content/Modern_House_V1/Textures/Porcelain_2/T_Porcelain003_4K_Normal.ubulk" 1283
"G:/UnrealProjects/GhostsVsThieves/GhostsVsThieves/Content/Modern_House_V1/Textures/Porcelain_2/T_Porcelain003_4K_Normal.uasset" 1284
"G:/UnrealProjects/GhostsVsThieves/GhostsVsThieves/Content/Modern_House_V1/Textures/Porcelain_2/T_Porcelain003_4K_Normal.uexp" 1285
"G:/UnrealProjects/GhostsVsThieves/GhostsVsThieves/Content/Modern_House_V1/Textures/Porcelain_2/T_Porcelain003_4K_Roughness.ubulk" 1286
"G:/UnrealProjects/GhostsVsThieves/GhostsVsThieves/Content/Modern_House_V1/Textures/Porcelain_2/T_Porcelain003_4K_Roughness.uasset" 1287
"G:/UnrealProjects/GhostsVsThieves/GhostsVsThieves/Content/Modern_House_V1/Textures/Porcelain_2/T_Porcelain003_4K_Roughness.uexp" 1288
"G:/UnrealProjects/GhostsVsThieves/GhostsVsThieves/Content/Modern_House_V1/Materials/M_Porcelain_2.uasset" 1289
"G:/UnrealProjects/GhostsVsThieves/GhostsVsThieves/Content/Modern_House_V1/Materials/M_Porcelain_2.uexp" 1290
"G:/UnrealProjects/GhostsVsThieves/GhostsVsThieves/Content/Modern_House_V1/Materials/Instance/M_Porcelain_2_Inst.uasset" 1291
"G:/UnrealProjects/GhostsVsThieves/GhostsVsThieves/Content/Modern_House_V1/Materials/Instance/M_Porcelain_2_Inst.uexp" 1292
"G:/UnrealProjects/GhostsVsThieves/GhostsVsThieves/Content/Modern_House_V1/Mesh/SM_Table_2.ubulk" 1293
"G:/UnrealProjects/GhostsVsThieves/GhostsVsThieves/Content/Modern_House_V1/Mesh/SM_Table_2.uasset" 1294
"G:/UnrealProjects/GhostsVsThieves/GhostsVsThieves/Content/Modern_House_V1/Mesh/SM_Table_2.uexp" 1295
"G:/UnrealProjects/GhostsVsThieves/GhostsVsThieves/Content/Modern_House_V1/Mesh/SM_Table_3.ubulk" 1296
"G:/UnrealProjects/GhostsVsThieves/GhostsVsThieves/Content/Modern_House_V1/Mesh/SM_Table_3.uasset" 1297
"G:/UnrealProjects/GhostsVsThieves/GhostsVsThieves/Content/Modern_House_V1/Mesh/SM_Table_3.uexp" 1298
"G:/UnrealProjects/GhostsVsThieves/GhostsVsThieves/Content/Audio/SFX/HeavyObjectDropped.ubulk" 1299
"G:/UnrealProjects/GhostsVsThieves/GhostsVsThieves/Content/Audio/SFX/HeavyObjectDropped.uasset" 1300
"G:/UnrealProjects/GhostsVsThieves/GhostsVsThieves/Content/Audio/SFX/HeavyObjectDropped.uexp" 1301
"G:/UnrealProjects/GhostsVsThieves/GhostsVsThieves/Content/Audio/SFX/HeavyObjectPickup.ubulk" 1302
"G:/UnrealProjects/GhostsVsThieves/GhostsVsThieves/Content/Audio/SFX/HeavyObjectPickup.uasset" 1303
"G:/UnrealProjects/GhostsVsThieves/GhostsVsThieves/Content/Audio/SFX/HeavyObjectPickup.uexp" 1304
"G:/UnrealProjects/GhostsVsThieves/GhostsVsThieves/Content/Fab/Ice_sword/Textures/MagicSword_AO.ubulk" 1305
"G:/UnrealProjects/GhostsVsThieves/GhostsVsThieves/Content/Fab/Ice_sword/Textures/MagicSword_AO.uasset" 1306
"G:/UnrealProjects/GhostsVsThieves/GhostsVsThieves/Content/Fab/Ice_sword/Textures/MagicSword_AO.uexp" 1307
"G:/UnrealProjects/GhostsVsThieves/GhostsVsThieves/Content/Fab/Ice_sword/Textures/MagicSword_Albedo.ubulk" 1308
"G:/UnrealProjects/GhostsVsThieves/GhostsVsThieves/Content/Fab/Ice_sword/Textures/MagicSword_Albedo.uasset" 1309
"G:/UnrealProjects/GhostsVsThieves/GhostsVsThieves/Content/Fab/Ice_sword/Textures/MagicSword_Albedo.uexp" 1310
"G:/UnrealProjects/GhostsVsThieves/GhostsVsThieves/Content/Fab/Ice_sword/Textures/MagicSword_Normal.ubulk" 1311
"G:/UnrealProjects/GhostsVsThieves/GhostsVsThieves/Content/Fab/Ice_sword/Textures/MagicSword_Normal.uasset" 1312
"G:/UnrealProjects/GhostsVsThieves/GhostsVsThieves/Content/Fab/Ice_sword/Textures/MagicSword_Normal.uexp" 1313
"G:/UnrealProjects/GhostsVsThieves/GhostsVsThieves/Content/Fab/Ice_sword/Textures/MagicSword_Emission.ubulk" 1314
"G:/UnrealProjects/GhostsVsThieves/GhostsVsThieves/Content/Fab/Ice_sword/Textures/MagicSword_Emission.uasset" 1315
"G:/UnrealProjects/GhostsVsThieves/GhostsVsThieves/Content/Fab/Ice_sword/Textures/MagicSword_Emission.uexp" 1316
"G:/UnrealProjects/GhostsVsThieves/GhostsVsThieves/Content/MSPresets/MS_DefaultTextures/T_srgb_Black.ubulk" 1317
"G:/UnrealProjects/GhostsVsThieves/GhostsVsThieves/Content/MSPresets/MS_DefaultTextures/T_srgb_Black.uasset" 1318
"G:/UnrealProjects/GhostsVsThieves/GhostsVsThieves/Content/MSPresets/MS_DefaultTextures/T_srgb_Black.uexp" 1319
"G:/UnrealProjects/GhostsVsThieves/GhostsVsThieves/Content/MSPresets/MS_DefaultTextures/T_Normal.ubulk" 1320
"G:/UnrealProjects/GhostsVsThieves/GhostsVsThieves/Content/MSPresets/MS_DefaultTextures/T_Normal.uasset" 1321
"G:/UnrealProjects/GhostsVsThieves/GhostsVsThieves/Content/MSPresets/MS_DefaultTextures/T_Normal.uexp" 1322
"G:/UnrealProjects/GhostsVsThieves/GhostsVsThieves/Content/MSPresets/MS_DefaultTextures/T_Alpha_Black.ubulk" 1323
"G:/UnrealProjects/GhostsVsThieves/GhostsVsThieves/Content/MSPresets/MS_DefaultTextures/T_Alpha_Black.uasset" 1324
"G:/UnrealProjects/GhostsVsThieves/GhostsVsThieves/Content/MSPresets/MS_DefaultTextures/T_Alpha_Black.uexp" 1325
"G:/UnrealProjects/GhostsVsThieves/GhostsVsThieves/Content/MSPresets/MS_DefaultMaterial/Functions/MF_Emissive.uasset" 1326
"G:/UnrealProjects/GhostsVsThieves/GhostsVsThieves/Content/MSPresets/MS_DefaultMaterial/Functions/MF_Emissive.uexp" 1327
"G:/UnrealProjects/GhostsVsThieves/GhostsVsThieves/Content/MSPresets/MS_DefaultMaterial/Functions/MF_Tiling.uasset" 1328
"G:/UnrealProjects/GhostsVsThieves/GhostsVsThieves/Content/MSPresets/MS_DefaultMaterial/Functions/MF_Tiling.uexp" 1329
"G:/UnrealProjects/GhostsVsThieves/GhostsVsThieves/Content/MSPresets/MS_DefaultTextures/T_Alpha_Grey.ubulk" 1330
"G:/UnrealProjects/GhostsVsThieves/GhostsVsThieves/Content/MSPresets/MS_DefaultTextures/T_Alpha_Grey.uasset" 1331
"G:/UnrealProjects/GhostsVsThieves/GhostsVsThieves/Content/MSPresets/MS_DefaultTextures/T_Alpha_Grey.uexp" 1332
"G:/UnrealProjects/GhostsVsThieves/GhostsVsThieves/Content/MSPresets/MS_DefaultMaterial/Functions/MF_DetailNormalTiling.uasset" 1333
"G:/UnrealProjects/GhostsVsThieves/GhostsVsThieves/Content/MSPresets/MS_DefaultMaterial/Functions/MF_DetailNormalTiling.uexp" 1334
"../../../Engine/Content/Functions/Engine_MaterialFunctions02/Utility/BlendAngleCorrectedNormals.uasset" 1335
"../../../Engine/Content/Functions/Engine_MaterialFunctions02/Utility/BlendAngleCorrectedNormals.uexp" 1336
"G:/UnrealProjects/GhostsVsThieves/GhostsVsThieves/Content/MSPresets/MS_DefaultMaterial/Functions/MF_MapAdjustments.uasset" 1337
"G:/UnrealProjects/GhostsVsThieves/GhostsVsThieves/Content/MSPresets/MS_DefaultMaterial/Functions/MF_MapAdjustments.uexp" 1338
"G:/UnrealProjects/GhostsVsThieves/GhostsVsThieves/Content/MSPresets/MS_DefaultMaterial/MS_DefaultMaterial.uasset" 1339
"G:/UnrealProjects/GhostsVsThieves/GhostsVsThieves/Content/MSPresets/MS_DefaultMaterial/MS_DefaultMaterial.uexp" 1340
"G:/UnrealProjects/GhostsVsThieves/GhostsVsThieves/Content/Fab/Ice_sword/Textures/MagicSword_Metallic.ubulk" 1341
"G:/UnrealProjects/GhostsVsThieves/GhostsVsThieves/Content/Fab/Ice_sword/Textures/MagicSword_Metallic.uasset" 1342
"G:/UnrealProjects/GhostsVsThieves/GhostsVsThieves/Content/Fab/Ice_sword/Textures/MagicSword_Metallic.uexp" 1343
"G:/UnrealProjects/GhostsVsThieves/GhostsVsThieves/Content/Fab/Ice_sword/Materials/MagicSword.uasset" 1344
"G:/UnrealProjects/GhostsVsThieves/GhostsVsThieves/Content/Fab/Ice_sword/Materials/MagicSword.uexp" 1345
"G:/UnrealProjects/GhostsVsThieves/GhostsVsThieves/Content/Fab/Ice_sword/MagicSword.ubulk" 1346
"G:/UnrealProjects/GhostsVsThieves/GhostsVsThieves/Content/Fab/Ice_sword/MagicSword.uasset" 1347
"G:/UnrealProjects/GhostsVsThieves/GhostsVsThieves/Content/Fab/Ice_sword/MagicSword.uexp" 1348
"G:/UnrealProjects/GhostsVsThieves/GhostsVsThieves/Content/Blueprints/Items/BP_Item_Large.uasset" 1349
"G:/UnrealProjects/GhostsVsThieves/GhostsVsThieves/Content/Blueprints/Items/BP_Item_Large.uexp" 1350
"G:/UnrealProjects/GhostsVsThieves/GhostsVsThieves/Content/Data/ScareDataAssets/DA_Scare_DeathRipple.uasset" 1351
"G:/UnrealProjects/GhostsVsThieves/GhostsVsThieves/Content/Data/ScareDataAssets/DA_Scare_DeathRipple.uexp" 1352
"G:/UnrealProjects/GhostsVsThieves/GhostsVsThieves/Content/Modern_House_V1/Textures/Fabric_2/T_Fabric036_4K_Roughness.ubulk" 1353
"G:/UnrealProjects/GhostsVsThieves/GhostsVsThieves/Content/Modern_House_V1/Textures/Fabric_2/T_Fabric036_4K_Roughness.uasset" 1354
"G:/UnrealProjects/GhostsVsThieves/GhostsVsThieves/Content/Modern_House_V1/Textures/Fabric_2/T_Fabric036_4K_Roughness.uexp" 1355
"G:/UnrealProjects/GhostsVsThieves/GhostsVsThieves/Content/Modern_House_V1/Textures/Fabric_2/T_Fabric036_4K_Color.ubulk" 1356
"G:/UnrealProjects/GhostsVsThieves/GhostsVsThieves/Content/Modern_House_V1/Textures/Fabric_2/T_Fabric036_4K_Color.uasset" 1357
"G:/UnrealProjects/GhostsVsThieves/GhostsVsThieves/Content/Modern_House_V1/Textures/Fabric_2/T_Fabric036_4K_Color.uexp" 1358
"G:/UnrealProjects/GhostsVsThieves/GhostsVsThieves/Content/Modern_House_V1/Textures/Fabric_2/T_Fabric036_4K_Normal.ubulk" 1359
"G:/UnrealProjects/GhostsVsThieves/GhostsVsThieves/Content/Modern_House_V1/Textures/Fabric_2/T_Fabric036_4K_Normal.uasset" 1360
"G:/UnrealProjects/GhostsVsThieves/GhostsVsThieves/Content/Modern_House_V1/Textures/Fabric_2/T_Fabric036_4K_Normal.uexp" 1361
"G:/UnrealProjects/GhostsVsThieves/GhostsVsThieves/Content/Modern_House_V1/Textures/Fabric_2/T_Fabric036_4K_AmbientOcclusion.ubulk" 1362
"G:/UnrealProjects/GhostsVsThieves/GhostsVsThieves/Content/Modern_House_V1/Textures/Fabric_2/T_Fabric036_4K_AmbientOcclusion.uasset" 1363
"G:/UnrealProjects/GhostsVsThieves/GhostsVsThieves/Content/Modern_House_V1/Textures/Fabric_2/T_Fabric036_4K_AmbientOcclusion.uexp" 1364
"G:/UnrealProjects/GhostsVsThieves/GhostsVsThieves/Content/Modern_House_V1/Textures/Fabric_2/T_Fabric036_4K_Displacement.ubulk" 1365
"G:/UnrealProjects/GhostsVsThieves/GhostsVsThieves/Content/Modern_House_V1/Textures/Fabric_2/T_Fabric036_4K_Displacement.uasset" 1366
"G:/UnrealProjects/GhostsVsThieves/GhostsVsThieves/Content/Modern_House_V1/Textures/Fabric_2/T_Fabric036_4K_Displacement.uexp" 1367
"G:/UnrealProjects/GhostsVsThieves/GhostsVsThieves/Content/Modern_House_V1/Materials/M_Fabric_2.uasset" 1368
"G:/UnrealProjects/GhostsVsThieves/GhostsVsThieves/Content/Modern_House_V1/Materials/M_Fabric_2.uexp" 1369
"G:/UnrealProjects/GhostsVsThieves/GhostsVsThieves/Content/Modern_House_V1/Materials/Instance/M_Fabric_2_Inst1.uasset" 1370
"G:/UnrealProjects/GhostsVsThieves/GhostsVsThieves/Content/Modern_House_V1/Materials/Instance/M_Fabric_2_Inst1.uexp" 1371
"G:/UnrealProjects/GhostsVsThieves/GhostsVsThieves/Content/Modern_House_V1/Textures/Wood_6/T_Wood023_4K_Color.ubulk" 1372
"G:/UnrealProjects/GhostsVsThieves/GhostsVsThieves/Content/Modern_House_V1/Textures/Wood_6/T_Wood023_4K_Color.uasset" 1373
"G:/UnrealProjects/GhostsVsThieves/GhostsVsThieves/Content/Modern_House_V1/Textures/Wood_6/T_Wood023_4K_Color.uexp" 1374
"G:/UnrealProjects/GhostsVsThieves/GhostsVsThieves/Content/Modern_House_V1/Textures/Wood_6/T_Wood023_4K_Normal.ubulk" 1375
"G:/UnrealProjects/GhostsVsThieves/GhostsVsThieves/Content/Modern_House_V1/Textures/Wood_6/T_Wood023_4K_Normal.uasset" 1376
"G:/UnrealProjects/GhostsVsThieves/GhostsVsThieves/Content/Modern_House_V1/Textures/Wood_6/T_Wood023_4K_Normal.uexp" 1377
"G:/UnrealProjects/GhostsVsThieves/GhostsVsThieves/Content/Modern_House_V1/Textures/Wood_6/T_Wood023_4K_Roughness.ubulk" 1378
"G:/UnrealProjects/GhostsVsThieves/GhostsVsThieves/Content/Modern_House_V1/Textures/Wood_6/T_Wood023_4K_Roughness.uasset" 1379
"G:/UnrealProjects/GhostsVsThieves/GhostsVsThieves/Content/Modern_House_V1/Textures/Wood_6/T_Wood023_4K_Roughness.uexp" 1380
"G:/UnrealProjects/GhostsVsThieves/GhostsVsThieves/Content/Modern_House_V1/Textures/Wood_6/T_Wood023_4K_Displacement.ubulk" 1381
"G:/UnrealProjects/GhostsVsThieves/GhostsVsThieves/Content/Modern_House_V1/Textures/Wood_6/T_Wood023_4K_Displacement.uasset" 1382
"G:/UnrealProjects/GhostsVsThieves/GhostsVsThieves/Content/Modern_House_V1/Textures/Wood_6/T_Wood023_4K_Displacement.uexp" 1383
"G:/UnrealProjects/GhostsVsThieves/GhostsVsThieves/Content/Modern_House_V1/Materials/M_Wood_6.uasset" 1384
"G:/UnrealProjects/GhostsVsThieves/GhostsVsThieves/Content/Modern_House_V1/Materials/M_Wood_6.uexp" 1385
"G:/UnrealProjects/GhostsVsThieves/GhostsVsThieves/Content/Modern_House_V1/Materials/Instance/M_Wood_6_Inst.uasset" 1386
"G:/UnrealProjects/GhostsVsThieves/GhostsVsThieves/Content/Modern_House_V1/Materials/Instance/M_Wood_6_Inst.uexp" 1387
"G:/UnrealProjects/GhostsVsThieves/GhostsVsThieves/Content/Modern_House_V1/Materials/Instance/M_Fabric_2_Inst.uasset" 1388
"G:/UnrealProjects/GhostsVsThieves/GhostsVsThieves/Content/Modern_House_V1/Materials/Instance/M_Fabric_2_Inst.uexp" 1389
"G:/UnrealProjects/GhostsVsThieves/GhostsVsThieves/Content/Modern_House_V1/Materials/M_light.uasset" 1390
"G:/UnrealProjects/GhostsVsThieves/GhostsVsThieves/Content/Modern_House_V1/Materials/M_light.uexp" 1391
"G:/UnrealProjects/GhostsVsThieves/GhostsVsThieves/Content/Modern_House_V1/Mesh/SM_Bed.ubulk" 1392
"G:/UnrealProjects/GhostsVsThieves/GhostsVsThieves/Content/Modern_House_V1/Mesh/SM_Bed.uasset" 1393
"G:/UnrealProjects/GhostsVsThieves/GhostsVsThieves/Content/Modern_House_V1/Mesh/SM_Bed.uexp" 1394
"G:/UnrealProjects/GhostsVsThieves/GhostsVsThieves/Content/Art/Materials/M_PP_Outline.uasset" 1395
"G:/UnrealProjects/GhostsVsThieves/GhostsVsThieves/Content/Art/Materials/M_PP_Outline.uexp" 1396
"G:/UnrealProjects/GhostsVsThieves/GhostsVsThieves/Content/Modern_House_V1/Mesh/SM_Pole.ubulk" 1397
"G:/UnrealProjects/GhostsVsThieves/GhostsVsThieves/Content/Modern_House_V1/Mesh/SM_Pole.uasset" 1398
"G:/UnrealProjects/GhostsVsThieves/GhostsVsThieves/Content/Modern_House_V1/Mesh/SM_Pole.uexp" 1399
"G:/UnrealProjects/GhostsVsThieves/GhostsVsThieves/Content/Modern_House_V1/Mesh/SM_Pole_2.ubulk" 1400
"G:/UnrealProjects/GhostsVsThieves/GhostsVsThieves/Content/Modern_House_V1/Mesh/SM_Pole_2.uasset" 1401
"G:/UnrealProjects/GhostsVsThieves/GhostsVsThieves/Content/Modern_House_V1/Mesh/SM_Pole_2.uexp" 1402
"G:/UnrealProjects/GhostsVsThieves/GhostsVsThieves/Content/Modern_House_V1/Mesh/SM_Pole_3.ubulk" 1403
"G:/UnrealProjects/GhostsVsThieves/GhostsVsThieves/Content/Modern_House_V1/Mesh/SM_Pole_3.uasset" 1404
"G:/UnrealProjects/GhostsVsThieves/GhostsVsThieves/Content/Modern_House_V1/Mesh/SM_Pole_3.uexp" 1405
"G:/UnrealProjects/GhostsVsThieves/GhostsVsThieves/Content/Modern_House_V1/Mesh/SM_Cabinet_3_Door.ubulk" 1406
"G:/UnrealProjects/GhostsVsThieves/GhostsVsThieves/Content/Modern_House_V1/Mesh/SM_Cabinet_3_Door.uasset" 1407
"G:/UnrealProjects/GhostsVsThieves/GhostsVsThieves/Content/Modern_House_V1/Mesh/SM_Cabinet_3_Door.uexp" 1408
"G:/UnrealProjects/GhostsVsThieves/GhostsVsThieves/Content/Modern_House_V1/Mesh/SM_Cabinet_9_Door_B.ubulk" 1409
"G:/UnrealProjects/GhostsVsThieves/GhostsVsThieves/Content/Modern_House_V1/Mesh/SM_Cabinet_9_Door_B.uasset" 1410
"G:/UnrealProjects/GhostsVsThieves/GhostsVsThieves/Content/Modern_House_V1/Mesh/SM_Cabinet_9_Door_B.uexp" 1411
"G:/UnrealProjects/GhostsVsThieves/GhostsVsThieves/Content/Audio/Ambience/ScaryAmbience_1_Lachm.ubulk" 1412
"G:/UnrealProjects/GhostsVsThieves/GhostsVsThieves/Content/Audio/Ambience/ScaryAmbience_1_Lachm.uasset" 1413
"G:/UnrealProjects/GhostsVsThieves/GhostsVsThieves/Content/Audio/Ambience/ScaryAmbience_1_Lachm.uexp" 1414
"G:/UnrealProjects/GhostsVsThieves/GhostsVsThieves/Content/Modern_House_V1/Materials/Instance/M_Porcelain_2_Inst1.uasset" 1415
"G:/UnrealProjects/GhostsVsThieves/GhostsVsThieves/Content/Modern_House_V1/Materials/Instance/M_Porcelain_2_Inst1.uexp" 1416
"G:/UnrealProjects/GhostsVsThieves/GhostsVsThieves/Content/Modern_House_V1/Mesh/SM_Door_2.ubulk" 1417
"G:/UnrealProjects/GhostsVsThieves/GhostsVsThieves/Content/Modern_House_V1/Mesh/SM_Door_2.uasset" 1418
"G:/UnrealProjects/GhostsVsThieves/GhostsVsThieves/Content/Modern_House_V1/Mesh/SM_Door_2.uexp" 1419
"G:/UnrealProjects/GhostsVsThieves/GhostsVsThieves/Content/Audio/SFX/DoorLocking.ubulk" 1420
"G:/UnrealProjects/GhostsVsThieves/GhostsVsThieves/Content/Audio/SFX/DoorLocking.uasset" 1421
"G:/UnrealProjects/GhostsVsThieves/GhostsVsThieves/Content/Audio/SFX/DoorLocking.uexp" 1422
"G:/UnrealProjects/GhostsVsThieves/GhostsVsThieves/Content/Audio/SFX/DoorknobRattle.ubulk" 1423
"G:/UnrealProjects/GhostsVsThieves/GhostsVsThieves/Content/Audio/SFX/DoorknobRattle.uasset" 1424
"G:/UnrealProjects/GhostsVsThieves/GhostsVsThieves/Content/Audio/SFX/DoorknobRattle.uexp" 1425
"G:/UnrealProjects/GhostsVsThieves/GhostsVsThieves/Content/Audio/SFX/CloseDoorCreaky.ubulk" 1426
"G:/UnrealProjects/GhostsVsThieves/GhostsVsThieves/Content/Audio/SFX/CloseDoorCreaky.uasset" 1427
"G:/UnrealProjects/GhostsVsThieves/GhostsVsThieves/Content/Audio/SFX/CloseDoorCreaky.uexp" 1428
"G:/UnrealProjects/GhostsVsThieves/GhostsVsThieves/Content/Audio/SFX/freesound_community-door-slam-79889.ubulk" 1429
"G:/UnrealProjects/GhostsVsThieves/GhostsVsThieves/Content/Audio/SFX/freesound_community-door-slam-79889.uasset" 1430
"G:/UnrealProjects/GhostsVsThieves/GhostsVsThieves/Content/Audio/SFX/freesound_community-door-slam-79889.uexp" 1431
"G:/UnrealProjects/GhostsVsThieves/GhostsVsThieves/Content/Audio/SFX/OpenDoorCreaky.ubulk" 1432
"G:/UnrealProjects/GhostsVsThieves/GhostsVsThieves/Content/Audio/SFX/OpenDoorCreaky.uasset" 1433
"G:/UnrealProjects/GhostsVsThieves/GhostsVsThieves/Content/Audio/SFX/OpenDoorCreaky.uexp" 1434
"G:/UnrealProjects/GhostsVsThieves/GhostsVsThieves/Content/Audio/SFX/DoorClosed.ubulk" 1435
"G:/UnrealProjects/GhostsVsThieves/GhostsVsThieves/Content/Audio/SFX/DoorClosed.uasset" 1436
"G:/UnrealProjects/GhostsVsThieves/GhostsVsThieves/Content/Audio/SFX/DoorClosed.uexp" 1437
"G:/UnrealProjects/GhostsVsThieves/GhostsVsThieves/Content/Audio/SFX/DoorUnlocking.ubulk" 1438
"G:/UnrealProjects/GhostsVsThieves/GhostsVsThieves/Content/Audio/SFX/DoorUnlocking.uasset" 1439
"G:/UnrealProjects/GhostsVsThieves/GhostsVsThieves/Content/Audio/SFX/DoorUnlocking.uexp" 1440
"G:/UnrealProjects/GhostsVsThieves/GhostsVsThieves/Content/Blueprints/Environment/BP_Door_Front.uasset" 1441
"G:/UnrealProjects/GhostsVsThieves/GhostsVsThieves/Content/Blueprints/Environment/BP_Door_Front.uexp" 1442
"G:/UnrealProjects/GhostsVsThieves/GhostsVsThieves/Content/Modern_House_V1/Materials/Instance/M_light_Inst.uasset" 1443
"G:/UnrealProjects/GhostsVsThieves/GhostsVsThieves/Content/Modern_House_V1/Materials/Instance/M_light_Inst.uexp" 1444
"G:/UnrealProjects/GhostsVsThieves/GhostsVsThieves/Content/Modern_House_V1/Textures/Texture/T_Texture_2.ubulk" 1445
"G:/UnrealProjects/GhostsVsThieves/GhostsVsThieves/Content/Modern_House_V1/Textures/Texture/T_Texture_2.uasset" 1446
"G:/UnrealProjects/GhostsVsThieves/GhostsVsThieves/Content/Modern_House_V1/Textures/Texture/T_Texture_2.uexp" 1447
"G:/UnrealProjects/GhostsVsThieves/GhostsVsThieves/Content/Modern_House_V1/Textures/Metal_4/T_Metal034_4K_Roughness.ubulk" 1448
"G:/UnrealProjects/GhostsVsThieves/GhostsVsThieves/Content/Modern_House_V1/Textures/Metal_4/T_Metal034_4K_Roughness.uasset" 1449
"G:/UnrealProjects/GhostsVsThieves/GhostsVsThieves/Content/Modern_House_V1/Textures/Metal_4/T_Metal034_4K_Roughness.uexp" 1450
"G:/UnrealProjects/GhostsVsThieves/GhostsVsThieves/Content/Modern_House_V1/Materials/M_Texture_2.uasset" 1451
"G:/UnrealProjects/GhostsVsThieves/GhostsVsThieves/Content/Modern_House_V1/Materials/M_Texture_2.uexp" 1452
"G:/UnrealProjects/GhostsVsThieves/GhostsVsThieves/Content/Modern_House_V1/Materials/Instance/M_Texture_2_Inst.uasset" 1453
"G:/UnrealProjects/GhostsVsThieves/GhostsVsThieves/Content/Modern_House_V1/Materials/Instance/M_Texture_2_Inst.uexp" 1454
"G:/UnrealProjects/GhostsVsThieves/GhostsVsThieves/Content/Modern_House_V1/Textures/Texture/T_Texture_1.ubulk" 1455
"G:/UnrealProjects/GhostsVsThieves/GhostsVsThieves/Content/Modern_House_V1/Textures/Texture/T_Texture_1.uasset" 1456
"G:/UnrealProjects/GhostsVsThieves/GhostsVsThieves/Content/Modern_House_V1/Textures/Texture/T_Texture_1.uexp" 1457
"G:/UnrealProjects/GhostsVsThieves/GhostsVsThieves/Content/Modern_House_V1/Materials/M_Texture_1.uasset" 1458
"G:/UnrealProjects/GhostsVsThieves/GhostsVsThieves/Content/Modern_House_V1/Materials/M_Texture_1.uexp" 1459
"G:/UnrealProjects/GhostsVsThieves/GhostsVsThieves/Content/Modern_House_V1/Materials/Instance/M_Texture_1_Inst.uasset" 1460
"G:/UnrealProjects/GhostsVsThieves/GhostsVsThieves/Content/Modern_House_V1/Materials/Instance/M_Texture_1_Inst.uexp" 1461
"G:/UnrealProjects/GhostsVsThieves/GhostsVsThieves/Content/Modern_House_V1/Textures/Wood_2/T_WoodFloor008_4K_Normal.ubulk" 1462
"G:/UnrealProjects/GhostsVsThieves/GhostsVsThieves/Content/Modern_House_V1/Textures/Wood_2/T_WoodFloor008_4K_Normal.uasset" 1463
"G:/UnrealProjects/GhostsVsThieves/GhostsVsThieves/Content/Modern_House_V1/Textures/Wood_2/T_WoodFloor008_4K_Normal.uexp" 1464
"G:/UnrealProjects/GhostsVsThieves/GhostsVsThieves/Content/Modern_House_V1/Textures/Wood_2/T_WoodFloor008_4K_Roughness.ubulk" 1465
"G:/UnrealProjects/GhostsVsThieves/GhostsVsThieves/Content/Modern_House_V1/Textures/Wood_2/T_WoodFloor008_4K_Roughness.uasset" 1466
"G:/UnrealProjects/GhostsVsThieves/GhostsVsThieves/Content/Modern_House_V1/Textures/Wood_2/T_WoodFloor008_4K_Roughness.uexp" 1467
"G:/UnrealProjects/GhostsVsThieves/GhostsVsThieves/Content/Modern_House_V1/Textures/Wood_2/T_WoodFloor008_4K_Displacement.ubulk" 1468
"G:/UnrealProjects/GhostsVsThieves/GhostsVsThieves/Content/Modern_House_V1/Textures/Wood_2/T_WoodFloor008_4K_Displacement.uasset" 1469
"G:/UnrealProjects/GhostsVsThieves/GhostsVsThieves/Content/Modern_House_V1/Textures/Wood_2/T_WoodFloor008_4K_Displacement.uexp" 1470
"G:/UnrealProjects/GhostsVsThieves/GhostsVsThieves/Content/Modern_House_V1/Textures/Wood_2/T_WoodFloor008_4K_Color.ubulk" 1471
"G:/UnrealProjects/GhostsVsThieves/GhostsVsThieves/Content/Modern_House_V1/Textures/Wood_2/T_WoodFloor008_4K_Color.uasset" 1472
"G:/UnrealProjects/GhostsVsThieves/GhostsVsThieves/Content/Modern_House_V1/Textures/Wood_2/T_WoodFloor008_4K_Color.uexp" 1473
"G:/UnrealProjects/GhostsVsThieves/GhostsVsThieves/Content/Modern_House_V1/Materials/M_Wood_2.uasset" 1474
"G:/UnrealProjects/GhostsVsThieves/GhostsVsThieves/Content/Modern_House_V1/Materials/M_Wood_2.uexp" 1475
"G:/UnrealProjects/GhostsVsThieves/GhostsVsThieves/Content/Modern_House_V1/Materials/Instance/M_Wood_2_Inst.uasset" 1476
"G:/UnrealProjects/GhostsVsThieves/GhostsVsThieves/Content/Modern_House_V1/Materials/Instance/M_Wood_2_Inst.uexp" 1477
"G:/UnrealProjects/GhostsVsThieves/GhostsVsThieves/Content/Modern_House_V1/Mesh/SM_kitchen.ubulk" 1478
"G:/UnrealProjects/GhostsVsThieves/GhostsVsThieves/Content/Modern_House_V1/Mesh/SM_kitchen.uasset" 1479
"G:/UnrealProjects/GhostsVsThieves/GhostsVsThieves/Content/Modern_House_V1/Mesh/SM_kitchen.uexp" 1480
"G:/UnrealProjects/GhostsVsThieves/GhostsVsThieves/Content/Modern_House_V1/Mesh/SM_Toilet_1.ubulk" 1481
"G:/UnrealProjects/GhostsVsThieves/GhostsVsThieves/Content/Modern_House_V1/Mesh/SM_Toilet_1.uasset" 1482
"G:/UnrealProjects/GhostsVsThieves/GhostsVsThieves/Content/Modern_House_V1/Mesh/SM_Toilet_1.uexp" 1483
"G:/UnrealProjects/GhostsVsThieves/GhostsVsThieves/Content/Modern_House_V1/Mesh/SM_Toilet_2.ubulk" 1484
"G:/UnrealProjects/GhostsVsThieves/GhostsVsThieves/Content/Modern_House_V1/Mesh/SM_Toilet_2.uasset" 1485
"G:/UnrealProjects/GhostsVsThieves/GhostsVsThieves/Content/Modern_House_V1/Mesh/SM_Toilet_2.uexp" 1486
"G:/UnrealProjects/GhostsVsThieves/GhostsVsThieves/Content/Modern_House_V1/Mesh/SM_Toilet_3.ubulk" 1487
"G:/UnrealProjects/GhostsVsThieves/GhostsVsThieves/Content/Modern_House_V1/Mesh/SM_Toilet_3.uasset" 1488
"G:/UnrealProjects/GhostsVsThieves/GhostsVsThieves/Content/Modern_House_V1/Mesh/SM_Toilet_3.uexp" 1489
"G:/UnrealProjects/GhostsVsThieves/GhostsVsThieves/Content/Modern_House_V1/Textures/Fabric_3/T_Fabric039_4K_Displacement.ubulk" 1490
"G:/UnrealProjects/GhostsVsThieves/GhostsVsThieves/Content/Modern_House_V1/Textures/Fabric_3/T_Fabric039_4K_Displacement.uasset" 1491
"G:/UnrealProjects/GhostsVsThieves/GhostsVsThieves/Content/Modern_House_V1/Textures/Fabric_3/T_Fabric039_4K_Displacement.uexp" 1492
"G:/UnrealProjects/GhostsVsThieves/GhostsVsThieves/Content/Modern_House_V1/Textures/Fabric_3/T_Fabric039_4K_Normal.ubulk" 1493
"G:/UnrealProjects/GhostsVsThieves/GhostsVsThieves/Content/Modern_House_V1/Textures/Fabric_3/T_Fabric039_4K_Normal.uasset" 1494
"G:/UnrealProjects/GhostsVsThieves/GhostsVsThieves/Content/Modern_House_V1/Textures/Fabric_3/T_Fabric039_4K_Normal.uexp" 1495
"G:/UnrealProjects/GhostsVsThieves/GhostsVsThieves/Content/Modern_House_V1/Textures/Fabric_3/T_Fabric039_4K_Roughness.ubulk" 1496
"G:/UnrealProjects/GhostsVsThieves/GhostsVsThieves/Content/Modern_House_V1/Textures/Fabric_3/T_Fabric039_4K_Roughness.uasset" 1497
"G:/UnrealProjects/GhostsVsThieves/GhostsVsThieves/Content/Modern_House_V1/Textures/Fabric_3/T_Fabric039_4K_Roughness.uexp" 1498
"G:/UnrealProjects/GhostsVsThieves/GhostsVsThieves/Content/Modern_House_V1/Textures/Fabric_3/T_Fabric039_4K_Color.ubulk" 1499
"G:/UnrealProjects/GhostsVsThieves/GhostsVsThieves/Content/Modern_House_V1/Textures/Fabric_3/T_Fabric039_4K_Color.uasset" 1500
"G:/UnrealProjects/GhostsVsThieves/GhostsVsThieves/Content/Modern_House_V1/Textures/Fabric_3/T_Fabric039_4K_Color.uexp" 1501
"G:/UnrealProjects/GhostsVsThieves/GhostsVsThieves/Content/Modern_House_V1/Textures/Fabric_3/T_Fabric039_4K_AmbientOcclusion.ubulk" 1502
"G:/UnrealProjects/GhostsVsThieves/GhostsVsThieves/Content/Modern_House_V1/Textures/Fabric_3/T_Fabric039_4K_AmbientOcclusion.uasset" 1503
"G:/UnrealProjects/GhostsVsThieves/GhostsVsThieves/Content/Modern_House_V1/Textures/Fabric_3/T_Fabric039_4K_AmbientOcclusion.uexp" 1504
"G:/UnrealProjects/GhostsVsThieves/GhostsVsThieves/Content/Modern_House_V1/Materials/M_Fabric_3.uasset" 1505
"G:/UnrealProjects/GhostsVsThieves/GhostsVsThieves/Content/Modern_House_V1/Materials/M_Fabric_3.uexp" 1506
"G:/UnrealProjects/GhostsVsThieves/GhostsVsThieves/Content/Modern_House_V1/Materials/Instance/M_Fabric_3_Inst.uasset" 1507
"G:/UnrealProjects/GhostsVsThieves/GhostsVsThieves/Content/Modern_House_V1/Materials/Instance/M_Fabric_3_Inst.uexp" 1508
"G:/UnrealProjects/GhostsVsThieves/GhostsVsThieves/Content/Modern_House_V1/Materials/Instance/M_Fabric_3_Inst1.uasset" 1509
"G:/UnrealProjects/GhostsVsThieves/GhostsVsThieves/Content/Modern_House_V1/Materials/Instance/M_Fabric_3_Inst1.uexp" 1510
"G:/UnrealProjects/GhostsVsThieves/GhostsVsThieves/Content/Modern_House_V1/Mesh/SM_Sofa_1.ubulk" 1511
"G:/UnrealProjects/GhostsVsThieves/GhostsVsThieves/Content/Modern_House_V1/Mesh/SM_Sofa_1.uasset" 1512
"G:/UnrealProjects/GhostsVsThieves/GhostsVsThieves/Content/Modern_House_V1/Mesh/SM_Sofa_1.uexp" 1513
"G:/UnrealProjects/GhostsVsThieves/GhostsVsThieves/Content/Modern_House_V1/Textures/Wood_1/T_Planks021_4K_Color.ubulk" 1514
"G:/UnrealProjects/GhostsVsThieves/GhostsVsThieves/Content/Modern_House_V1/Textures/Wood_1/T_Planks021_4K_Color.uasset" 1515
"G:/UnrealProjects/GhostsVsThieves/GhostsVsThieves/Content/Modern_House_V1/Textures/Wood_1/T_Planks021_4K_Color.uexp" 1516
"G:/UnrealProjects/GhostsVsThieves/GhostsVsThieves/Content/Modern_House_V1/Textures/Wood_1/T_Planks021_4K_Displacement.ubulk" 1517
"G:/UnrealProjects/GhostsVsThieves/GhostsVsThieves/Content/Modern_House_V1/Textures/Wood_1/T_Planks021_4K_Displacement.uasset" 1518
"G:/UnrealProjects/GhostsVsThieves/GhostsVsThieves/Content/Modern_House_V1/Textures/Wood_1/T_Planks021_4K_Displacement.uexp" 1519
"G:/UnrealProjects/GhostsVsThieves/GhostsVsThieves/Content/Modern_House_V1/Textures/Wood_1/T_Planks021_4K_Normal.ubulk" 1520
"G:/UnrealProjects/GhostsVsThieves/GhostsVsThieves/Content/Modern_House_V1/Textures/Wood_1/T_Planks021_4K_Normal.uasset" 1521
"G:/UnrealProjects/GhostsVsThieves/GhostsVsThieves/Content/Modern_House_V1/Textures/Wood_1/T_Planks021_4K_Normal.uexp" 1522
"G:/UnrealProjects/GhostsVsThieves/GhostsVsThieves/Content/Modern_House_V1/Textures/Wood_1/T_Planks021_4K_AmbientOcclusion.ubulk" 1523
"G:/UnrealProjects/GhostsVsThieves/GhostsVsThieves/Content/Modern_House_V1/Textures/Wood_1/T_Planks021_4K_AmbientOcclusion.uasset" 1524
"G:/UnrealProjects/GhostsVsThieves/GhostsVsThieves/Content/Modern_House_V1/Textures/Wood_1/T_Planks021_4K_AmbientOcclusion.uexp" 1525
"G:/UnrealProjects/GhostsVsThieves/GhostsVsThieves/Content/Modern_House_V1/Textures/Wood_1/T_Planks021_4K_Roughness.ubulk" 1526
"G:/UnrealProjects/GhostsVsThieves/GhostsVsThieves/Content/Modern_House_V1/Textures/Wood_1/T_Planks021_4K_Roughness.uasset" 1527
"G:/UnrealProjects/GhostsVsThieves/GhostsVsThieves/Content/Modern_House_V1/Textures/Wood_1/T_Planks021_4K_Roughness.uexp" 1528
"G:/UnrealProjects/GhostsVsThieves/GhostsVsThieves/Content/Modern_House_V1/Materials/M_Wood_1.uasset" 1529
"G:/UnrealProjects/GhostsVsThieves/GhostsVsThieves/Content/Modern_House_V1/Materials/M_Wood_1.uexp" 1530
"G:/UnrealProjects/GhostsVsThieves/GhostsVsThieves/Content/Modern_House_V1/Materials/Instance/M_Wood_1_Inst.uasset" 1531
"G:/UnrealProjects/GhostsVsThieves/GhostsVsThieves/Content/Modern_House_V1/Materials/Instance/M_Wood_1_Inst.uexp" 1532
"G:/UnrealProjects/GhostsVsThieves/GhostsVsThieves/Content/Modern_House_V1/Mesh/SM_Planks.ubulk" 1533
"G:/UnrealProjects/GhostsVsThieves/GhostsVsThieves/Content/Modern_House_V1/Mesh/SM_Planks.uasset" 1534
"G:/UnrealProjects/GhostsVsThieves/GhostsVsThieves/Content/Modern_House_V1/Mesh/SM_Planks.uexp" 1535
"G:/UnrealProjects/GhostsVsThieves/GhostsVsThieves/Content/Modern_House_V1/Mesh/SM_Window_1.ubulk" 1536
"G:/UnrealProjects/GhostsVsThieves/GhostsVsThieves/Content/Modern_House_V1/Mesh/SM_Window_1.uasset" 1537
"G:/UnrealProjects/GhostsVsThieves/GhostsVsThieves/Content/Modern_House_V1/Mesh/SM_Window_1.uexp" 1538
"G:/UnrealProjects/GhostsVsThieves/GhostsVsThieves/Content/Modern_House_V1/Mesh/SM_Window_2.ubulk" 1539
"G:/UnrealProjects/GhostsVsThieves/GhostsVsThieves/Content/Modern_House_V1/Mesh/SM_Window_2.uasset" 1540
"G:/UnrealProjects/GhostsVsThieves/GhostsVsThieves/Content/Modern_House_V1/Mesh/SM_Window_2.uexp" 1541
"G:/UnrealProjects/GhostsVsThieves/GhostsVsThieves/Content/Modern_House_V1/Mesh/SM_Window_3.ubulk" 1542
"G:/UnrealProjects/GhostsVsThieves/GhostsVsThieves/Content/Modern_House_V1/Mesh/SM_Window_3.uasset" 1543
"G:/UnrealProjects/GhostsVsThieves/GhostsVsThieves/Content/Modern_House_V1/Mesh/SM_Window_3.uexp" 1544
"G:/UnrealProjects/GhostsVsThieves/GhostsVsThieves/Content/Modern_House_V1/Mesh/SM_Window_4.ubulk" 1545
"G:/UnrealProjects/GhostsVsThieves/GhostsVsThieves/Content/Modern_House_V1/Mesh/SM_Window_4.uasset" 1546
"G:/UnrealProjects/GhostsVsThieves/GhostsVsThieves/Content/Modern_House_V1/Mesh/SM_Window_4.uexp" 1547
"G:/UnrealProjects/GhostsVsThieves/GhostsVsThieves/Content/Modern_House_V1/Mesh/SM_Window_5.ubulk" 1548
"G:/UnrealProjects/GhostsVsThieves/GhostsVsThieves/Content/Modern_House_V1/Mesh/SM_Window_5.uasset" 1549
"G:/UnrealProjects/GhostsVsThieves/GhostsVsThieves/Content/Modern_House_V1/Mesh/SM_Window_5.uexp" 1550
"G:/UnrealProjects/GhostsVsThieves/GhostsVsThieves/Content/Modern_House_V1/Mesh/SM_Window_6.ubulk" 1551
"G:/UnrealProjects/GhostsVsThieves/GhostsVsThieves/Content/Modern_House_V1/Mesh/SM_Window_6.uasset" 1552
"G:/UnrealProjects/GhostsVsThieves/GhostsVsThieves/Content/Modern_House_V1/Mesh/SM_Window_6.uexp" 1553
"G:/UnrealProjects/GhostsVsThieves/GhostsVsThieves/Content/Modern_House_V1/Mesh/SM_Window_7.ubulk" 1554
"G:/UnrealProjects/GhostsVsThieves/GhostsVsThieves/Content/Modern_House_V1/Mesh/SM_Window_7.uasset" 1555
"G:/UnrealProjects/GhostsVsThieves/GhostsVsThieves/Content/Modern_House_V1/Mesh/SM_Window_7.uexp" 1556
"G:/UnrealProjects/GhostsVsThieves/GhostsVsThieves/Content/Modern_House_V1/Mesh/SM_Window_8.ubulk" 1557
"G:/UnrealProjects/GhostsVsThieves/GhostsVsThieves/Content/Modern_House_V1/Mesh/SM_Window_8.uasset" 1558
"G:/UnrealProjects/GhostsVsThieves/GhostsVsThieves/Content/Modern_House_V1/Mesh/SM_Window_8.uexp" 1559
"G:/UnrealProjects/GhostsVsThieves/GhostsVsThieves/Content/Modern_House_V1/Mesh/SM_Cabinet_10_Door.ubulk" 1560
"G:/UnrealProjects/GhostsVsThieves/GhostsVsThieves/Content/Modern_House_V1/Mesh/SM_Cabinet_10_Door.uasset" 1561
"G:/UnrealProjects/GhostsVsThieves/GhostsVsThieves/Content/Modern_House_V1/Mesh/SM_Cabinet_10_Door.uexp" 1562
"G:/UnrealProjects/GhostsVsThieves/GhostsVsThieves/Content/Modern_House_V1/Materials/Instance/M_Plastic_1_Inst1.uasset" 1563
"G:/UnrealProjects/GhostsVsThieves/GhostsVsThieves/Content/Modern_House_V1/Materials/Instance/M_Plastic_1_Inst1.uexp" 1564
"G:/UnrealProjects/GhostsVsThieves/GhostsVsThieves/Content/Modern_House_V1/Materials/Instance/M_Plastic_1_Inst.uasset" 1565
"G:/UnrealProjects/GhostsVsThieves/GhostsVsThieves/Content/Modern_House_V1/Materials/Instance/M_Plastic_1_Inst.uexp" 1566
"G:/UnrealProjects/GhostsVsThieves/GhostsVsThieves/Content/Modern_House_V1/Mesh/SM_Gate.ubulk" 1567
"G:/UnrealProjects/GhostsVsThieves/GhostsVsThieves/Content/Modern_House_V1/Mesh/SM_Gate.uasset" 1568
"G:/UnrealProjects/GhostsVsThieves/GhostsVsThieves/Content/Modern_House_V1/Mesh/SM_Gate.uexp" 1569
"G:/UnrealProjects/GhostsVsThieves/GhostsVsThieves/Content/Modern_House_V1/Mesh/SM_Strip.ubulk" 1570
"G:/UnrealProjects/GhostsVsThieves/GhostsVsThieves/Content/Modern_House_V1/Mesh/SM_Strip.uasset" 1571
"G:/UnrealProjects/GhostsVsThieves/GhostsVsThieves/Content/Modern_House_V1/Mesh/SM_Strip.uexp" 1572
"G:/UnrealProjects/GhostsVsThieves/GhostsVsThieves/Content/Modern_House_V1/Textures/Texture/T_Texture_3.ubulk" 1573
"G:/UnrealProjects/GhostsVsThieves/GhostsVsThieves/Content/Modern_House_V1/Textures/Texture/T_Texture_3.uasset" 1574
"G:/UnrealProjects/GhostsVsThieves/GhostsVsThieves/Content/Modern_House_V1/Textures/Texture/T_Texture_3.uexp" 1575
"G:/UnrealProjects/GhostsVsThieves/GhostsVsThieves/Content/Modern_House_V1/Materials/M_Texture_3.uasset" 1576
"G:/UnrealProjects/GhostsVsThieves/GhostsVsThieves/Content/Modern_House_V1/Materials/M_Texture_3.uexp" 1577
"G:/UnrealProjects/GhostsVsThieves/GhostsVsThieves/Content/Modern_House_V1/Materials/Instance/M_Texture_3_Inst.uasset" 1578
"G:/UnrealProjects/GhostsVsThieves/GhostsVsThieves/Content/Modern_House_V1/Materials/Instance/M_Texture_3_Inst.uexp" 1579
"G:/UnrealProjects/GhostsVsThieves/GhostsVsThieves/Content/Modern_House_V1/Mesh/SM_Extractor__Hood.ubulk" 1580
"G:/UnrealProjects/GhostsVsThieves/GhostsVsThieves/Content/Modern_House_V1/Mesh/SM_Extractor__Hood.uasset" 1581
"G:/UnrealProjects/GhostsVsThieves/GhostsVsThieves/Content/Modern_House_V1/Mesh/SM_Extractor__Hood.uexp" 1582
"G:/UnrealProjects/GhostsVsThieves/GhostsVsThieves/Content/Core/BPI_Interactable.uasset" 1583
"G:/UnrealProjects/GhostsVsThieves/GhostsVsThieves/Content/Core/BPI_Interactable.uexp" 1584
"G:/UnrealProjects/GhostsVsThieves/GhostsVsThieves/Content/Core/BP_DoorInteractableComponent.uasset" 1585
"G:/UnrealProjects/GhostsVsThieves/GhostsVsThieves/Content/Core/BP_DoorInteractableComponent.uexp" 1586
"G:/UnrealProjects/GhostsVsThieves/GhostsVsThieves/Content/Modern_House_V1/Mesh/SM_Cabinet_2_Door_B.ubulk" 1587
"G:/UnrealProjects/GhostsVsThieves/GhostsVsThieves/Content/Modern_House_V1/Mesh/SM_Cabinet_2_Door_B.uasset" 1588
"G:/UnrealProjects/GhostsVsThieves/GhostsVsThieves/Content/Modern_House_V1/Mesh/SM_Cabinet_2_Door_B.uexp" 1589
"G:/UnrealProjects/GhostsVsThieves/GhostsVsThieves/Content/Modern_House_V1/Textures/Fabric_1/T_Carpet008_4K_Displacement.ubulk" 1590
"G:/UnrealProjects/GhostsVsThieves/GhostsVsThieves/Content/Modern_House_V1/Textures/Fabric_1/T_Carpet008_4K_Displacement.uasset" 1591
"G:/UnrealProjects/GhostsVsThieves/GhostsVsThieves/Content/Modern_House_V1/Textures/Fabric_1/T_Carpet008_4K_Displacement.uexp" 1592
"G:/UnrealProjects/GhostsVsThieves/GhostsVsThieves/Content/Modern_House_V1/Textures/Fabric_1/T_Carpet008_4K_Roughness.ubulk" 1593
"G:/UnrealProjects/GhostsVsThieves/GhostsVsThieves/Content/Modern_House_V1/Textures/Fabric_1/T_Carpet008_4K_Roughness.uasset" 1594
"G:/UnrealProjects/GhostsVsThieves/GhostsVsThieves/Content/Modern_House_V1/Textures/Fabric_1/T_Carpet008_4K_Roughness.uexp" 1595
"G:/UnrealProjects/GhostsVsThieves/GhostsVsThieves/Content/Modern_House_V1/Textures/Fabric_1/T_Carpet008_4K_Color.ubulk" 1596
"G:/UnrealProjects/GhostsVsThieves/GhostsVsThieves/Content/Modern_House_V1/Textures/Fabric_1/T_Carpet008_4K_Color.uasset" 1597
"G:/UnrealProjects/GhostsVsThieves/GhostsVsThieves/Content/Modern_House_V1/Textures/Fabric_1/T_Carpet008_4K_Color.uexp" 1598
"G:/UnrealProjects/GhostsVsThieves/GhostsVsThieves/Content/Modern_House_V1/Textures/Fabric_1/T_Carpet008_4K_Normal.ubulk" 1599
"G:/UnrealProjects/GhostsVsThieves/GhostsVsThieves/Content/Modern_House_V1/Textures/Fabric_1/T_Carpet008_4K_Normal.uasset" 1600
"G:/UnrealProjects/GhostsVsThieves/GhostsVsThieves/Content/Modern_House_V1/Textures/Fabric_1/T_Carpet008_4K_Normal.uexp" 1601
"G:/UnrealProjects/GhostsVsThieves/GhostsVsThieves/Content/Modern_House_V1/Textures/Fabric_1/T_Carpet008_4K_AmbientOcclusion.ubulk" 1602
"G:/UnrealProjects/GhostsVsThieves/GhostsVsThieves/Content/Modern_House_V1/Textures/Fabric_1/T_Carpet008_4K_AmbientOcclusion.uasset" 1603
"G:/UnrealProjects/GhostsVsThieves/GhostsVsThieves/Content/Modern_House_V1/Textures/Fabric_1/T_Carpet008_4K_AmbientOcclusion.uexp" 1604
"G:/UnrealProjects/GhostsVsThieves/GhostsVsThieves/Content/Modern_House_V1/Materials/M_Fabric_1.uasset" 1605
"G:/UnrealProjects/GhostsVsThieves/GhostsVsThieves/Content/Modern_House_V1/Materials/M_Fabric_1.uexp" 1606
"G:/UnrealProjects/GhostsVsThieves/GhostsVsThieves/Content/Modern_House_V1/Materials/Instance/M_Fabric_1_Inst.uasset" 1607
"G:/UnrealProjects/GhostsVsThieves/GhostsVsThieves/Content/Modern_House_V1/Materials/Instance/M_Fabric_1_Inst.uexp" 1608
"G:/UnrealProjects/GhostsVsThieves/GhostsVsThieves/Content/Modern_House_V1/Mesh/SM_Carpet.ubulk" 1609
"G:/UnrealProjects/GhostsVsThieves/GhostsVsThieves/Content/Modern_House_V1/Mesh/SM_Carpet.uasset" 1610
"G:/UnrealProjects/GhostsVsThieves/GhostsVsThieves/Content/Modern_House_V1/Mesh/SM_Carpet.uexp" 1611
"G:/UnrealProjects/GhostsVsThieves/GhostsVsThieves/Content/Modern_House_V1/Materials/Instance/M_Metal_5_Inst1.uasset" 1612
"G:/UnrealProjects/GhostsVsThieves/GhostsVsThieves/Content/Modern_House_V1/Materials/Instance/M_Metal_5_Inst1.uexp" 1613
"G:/UnrealProjects/GhostsVsThieves/GhostsVsThieves/Content/Modern_House_V1/Mesh/SM_Garage_Gate.ubulk" 1614
"G:/UnrealProjects/GhostsVsThieves/GhostsVsThieves/Content/Modern_House_V1/Mesh/SM_Garage_Gate.uasset" 1615
"G:/UnrealProjects/GhostsVsThieves/GhostsVsThieves/Content/Modern_House_V1/Mesh/SM_Garage_Gate.uexp" 1616
"G:/UnrealProjects/GhostsVsThieves/GhostsVsThieves/Content/Modern_House_V1/Textures/Wood_5/T_Wood043_4K_Roughness.ubulk" 1617
"G:/UnrealProjects/GhostsVsThieves/GhostsVsThieves/Content/Modern_House_V1/Textures/Wood_5/T_Wood043_4K_Roughness.uasset" 1618
"G:/UnrealProjects/GhostsVsThieves/GhostsVsThieves/Content/Modern_House_V1/Textures/Wood_5/T_Wood043_4K_Roughness.uexp" 1619
"G:/UnrealProjects/GhostsVsThieves/GhostsVsThieves/Content/Modern_House_V1/Textures/Wood_5/T_Wood043_4K_Displacement.ubulk" 1620
"G:/UnrealProjects/GhostsVsThieves/GhostsVsThieves/Content/Modern_House_V1/Textures/Wood_5/T_Wood043_4K_Displacement.uasset" 1621
"G:/UnrealProjects/GhostsVsThieves/GhostsVsThieves/Content/Modern_House_V1/Textures/Wood_5/T_Wood043_4K_Displacement.uexp" 1622
"G:/UnrealProjects/GhostsVsThieves/GhostsVsThieves/Content/Modern_House_V1/Textures/Wood_5/T_Wood043_4K_Color.ubulk" 1623
"G:/UnrealProjects/GhostsVsThieves/GhostsVsThieves/Content/Modern_House_V1/Textures/Wood_5/T_Wood043_4K_Color.uasset" 1624
"G:/UnrealProjects/GhostsVsThieves/GhostsVsThieves/Content/Modern_House_V1/Textures/Wood_5/T_Wood043_4K_Color.uexp" 1625
"G:/UnrealProjects/GhostsVsThieves/GhostsVsThieves/Content/Modern_House_V1/Textures/Wood_5/T_Wood043_4K_Normal.ubulk" 1626
"G:/UnrealProjects/GhostsVsThieves/GhostsVsThieves/Content/Modern_House_V1/Textures/Wood_5/T_Wood043_4K_Normal.uasset" 1627
"G:/UnrealProjects/GhostsVsThieves/GhostsVsThieves/Content/Modern_House_V1/Textures/Wood_5/T_Wood043_4K_Normal.uexp" 1628
"G:/UnrealProjects/GhostsVsThieves/GhostsVsThieves/Content/Modern_House_V1/Materials/M_Wood_5.uasset" 1629
"G:/UnrealProjects/GhostsVsThieves/GhostsVsThieves/Content/Modern_House_V1/Materials/M_Wood_5.uexp" 1630
"G:/UnrealProjects/GhostsVsThieves/GhostsVsThieves/Content/Modern_House_V1/Materials/Instance/M_Wood_5_Inst.uasset" 1631
"G:/UnrealProjects/GhostsVsThieves/GhostsVsThieves/Content/Modern_House_V1/Materials/Instance/M_Wood_5_Inst.uexp" 1632
"G:/UnrealProjects/GhostsVsThieves/GhostsVsThieves/Content/Modern_House_V1/Materials/Instance/M_Color_1_Inst.uasset" 1633
"G:/UnrealProjects/GhostsVsThieves/GhostsVsThieves/Content/Modern_House_V1/Materials/Instance/M_Color_1_Inst.uexp" 1634
"G:/UnrealProjects/GhostsVsThieves/GhostsVsThieves/Content/Modern_House_V1/Mesh/SM_Counter_1.ubulk" 1635
"G:/UnrealProjects/GhostsVsThieves/GhostsVsThieves/Content/Modern_House_V1/Mesh/SM_Counter_1.uasset" 1636
"G:/UnrealProjects/GhostsVsThieves/GhostsVsThieves/Content/Modern_House_V1/Mesh/SM_Counter_1.uexp" 1637
"G:/UnrealProjects/GhostsVsThieves/GhostsVsThieves/Content/Modern_House_V1/Mesh/SM_kitchen_Door_1.ubulk" 1638
"G:/UnrealProjects/GhostsVsThieves/GhostsVsThieves/Content/Modern_House_V1/Mesh/SM_kitchen_Door_1.uasset" 1639
"G:/UnrealProjects/GhostsVsThieves/GhostsVsThieves/Content/Modern_House_V1/Mesh/SM_kitchen_Door_1.uexp" 1640
"G:/UnrealProjects/GhostsVsThieves/GhostsVsThieves/Content/Modern_House_V1/Mesh/SM_kitchen_Door_2.ubulk" 1641
"G:/UnrealProjects/GhostsVsThieves/GhostsVsThieves/Content/Modern_House_V1/Mesh/SM_kitchen_Door_2.uasset" 1642
"G:/UnrealProjects/GhostsVsThieves/GhostsVsThieves/Content/Modern_House_V1/Mesh/SM_kitchen_Door_2.uexp" 1643
"G:/UnrealProjects/GhostsVsThieves/GhostsVsThieves/Content/Modern_House_V1/Mesh/SM_kitchen_Door_3.ubulk" 1644
"G:/UnrealProjects/GhostsVsThieves/GhostsVsThieves/Content/Modern_House_V1/Mesh/SM_kitchen_Door_3.uasset" 1645
"G:/UnrealProjects/GhostsVsThieves/GhostsVsThieves/Content/Modern_House_V1/Mesh/SM_kitchen_Door_3.uexp" 1646
"G:/UnrealProjects/GhostsVsThieves/GhostsVsThieves/Content/Modern_House_V1/Mesh/SM_kitchen_Door_4.ubulk" 1647
"G:/UnrealProjects/GhostsVsThieves/GhostsVsThieves/Content/Modern_House_V1/Mesh/SM_kitchen_Door_4.uasset" 1648
"G:/UnrealProjects/GhostsVsThieves/GhostsVsThieves/Content/Modern_House_V1/Mesh/SM_kitchen_Door_4.uexp" 1649
"G:/UnrealProjects/GhostsVsThieves/GhostsVsThieves/Content/Modern_House_V1/Mesh/SM_kitchen_Door_5.ubulk" 1650
"G:/UnrealProjects/GhostsVsThieves/GhostsVsThieves/Content/Modern_House_V1/Mesh/SM_kitchen_Door_5.uasset" 1651
"G:/UnrealProjects/GhostsVsThieves/GhostsVsThieves/Content/Modern_House_V1/Mesh/SM_kitchen_Door_5.uexp" 1652
"G:/UnrealProjects/GhostsVsThieves/GhostsVsThieves/Content/Modern_House_V1/Mesh/SM_kitchen_Door_6.ubulk" 1653
"G:/UnrealProjects/GhostsVsThieves/GhostsVsThieves/Content/Modern_House_V1/Mesh/SM_kitchen_Door_6.uasset" 1654
"G:/UnrealProjects/GhostsVsThieves/GhostsVsThieves/Content/Modern_House_V1/Mesh/SM_kitchen_Door_6.uexp" 1655
"G:/UnrealProjects/GhostsVsThieves/GhostsVsThieves/Content/Modern_House_V1/Mesh/SM_kitchen_Door_7.ubulk" 1656
"G:/UnrealProjects/GhostsVsThieves/GhostsVsThieves/Content/Modern_House_V1/Mesh/SM_kitchen_Door_7.uasset" 1657
"G:/UnrealProjects/GhostsVsThieves/GhostsVsThieves/Content/Modern_House_V1/Mesh/SM_kitchen_Door_7.uexp" 1658
"G:/UnrealProjects/GhostsVsThieves/GhostsVsThieves/Content/Modern_House_V1/Mesh/SM_kitchen_Door_8.ubulk" 1659
"G:/UnrealProjects/GhostsVsThieves/GhostsVsThieves/Content/Modern_House_V1/Mesh/SM_kitchen_Door_8.uasset" 1660
"G:/UnrealProjects/GhostsVsThieves/GhostsVsThieves/Content/Modern_House_V1/Mesh/SM_kitchen_Door_8.uexp" 1661
"G:/UnrealProjects/GhostsVsThieves/GhostsVsThieves/Content/Modern_House_V1/Textures/Plaster_1/T_Plaster002_4K_Normal.ubulk" 1662
"G:/UnrealProjects/GhostsVsThieves/GhostsVsThieves/Content/Modern_House_V1/Textures/Plaster_1/T_Plaster002_4K_Normal.uasset" 1663
"G:/UnrealProjects/GhostsVsThieves/GhostsVsThieves/Content/Modern_House_V1/Textures/Plaster_1/T_Plaster002_4K_Normal.uexp" 1664
"G:/UnrealProjects/GhostsVsThieves/GhostsVsThieves/Content/Modern_House_V1/Textures/Plaster_1/T_Plaster002_4K_Displacement.ubulk" 1665
"G:/UnrealProjects/GhostsVsThieves/GhostsVsThieves/Content/Modern_House_V1/Textures/Plaster_1/T_Plaster002_4K_Displacement.uasset" 1666
"G:/UnrealProjects/GhostsVsThieves/GhostsVsThieves/Content/Modern_House_V1/Textures/Plaster_1/T_Plaster002_4K_Displacement.uexp" 1667
"G:/UnrealProjects/GhostsVsThieves/GhostsVsThieves/Content/Modern_House_V1/Textures/Plaster_1/T_Plaster002_4K_Roughness.ubulk" 1668
"G:/UnrealProjects/GhostsVsThieves/GhostsVsThieves/Content/Modern_House_V1/Textures/Plaster_1/T_Plaster002_4K_Roughness.uasset" 1669
"G:/UnrealProjects/GhostsVsThieves/GhostsVsThieves/Content/Modern_House_V1/Textures/Plaster_1/T_Plaster002_4K_Roughness.uexp" 1670
"G:/UnrealProjects/GhostsVsThieves/GhostsVsThieves/Content/Modern_House_V1/Textures/Plaster_1/T_Plaster002_4K_Color.ubulk" 1671
"G:/UnrealProjects/GhostsVsThieves/GhostsVsThieves/Content/Modern_House_V1/Textures/Plaster_1/T_Plaster002_4K_Color.uasset" 1672
"G:/UnrealProjects/GhostsVsThieves/GhostsVsThieves/Content/Modern_House_V1/Textures/Plaster_1/T_Plaster002_4K_Color.uexp" 1673
"G:/UnrealProjects/GhostsVsThieves/GhostsVsThieves/Content/Modern_House_V1/Materials/M_Plaster_1.uasset" 1674
"G:/UnrealProjects/GhostsVsThieves/GhostsVsThieves/Content/Modern_House_V1/Materials/M_Plaster_1.uexp" 1675
"G:/UnrealProjects/GhostsVsThieves/GhostsVsThieves/Content/Modern_House_V1/Materials/Instance/M_Plaster_1_Inst.uasset" 1676
"G:/UnrealProjects/GhostsVsThieves/GhostsVsThieves/Content/Modern_House_V1/Materials/Instance/M_Plaster_1_Inst.uexp" 1677
"G:/UnrealProjects/GhostsVsThieves/GhostsVsThieves/Content/Modern_House_V1/Mesh/SM_Bar.ubulk" 1678
"G:/UnrealProjects/GhostsVsThieves/GhostsVsThieves/Content/Modern_House_V1/Mesh/SM_Bar.uasset" 1679
"G:/UnrealProjects/GhostsVsThieves/GhostsVsThieves/Content/Modern_House_V1/Mesh/SM_Bar.uexp" 1680
"G:/UnrealProjects/GhostsVsThieves/GhostsVsThieves/Content/Modern_House_V1/Mesh/SM_Cabinet_8_Door.ubulk" 1681
"G:/UnrealProjects/GhostsVsThieves/GhostsVsThieves/Content/Modern_House_V1/Mesh/SM_Cabinet_8_Door.uasset" 1682
"G:/UnrealProjects/GhostsVsThieves/GhostsVsThieves/Content/Modern_House_V1/Mesh/SM_Cabinet_8_Door.uexp" 1683
"G:/UnrealProjects/GhostsVsThieves/GhostsVsThieves/Content/Modern_House_V1/Textures/Tiles_2/T_Tiles052_4K_Normal.ubulk" 1684
"G:/UnrealProjects/GhostsVsThieves/GhostsVsThieves/Content/Modern_House_V1/Textures/Tiles_2/T_Tiles052_4K_Normal.uasset" 1685
"G:/UnrealProjects/GhostsVsThieves/GhostsVsThieves/Content/Modern_House_V1/Textures/Tiles_2/T_Tiles052_4K_Normal.uexp" 1686
"G:/UnrealProjects/GhostsVsThieves/GhostsVsThieves/Content/Modern_House_V1/Textures/Tiles_2/T_Tiles052_4K_Displacement.ubulk" 1687
"G:/UnrealProjects/GhostsVsThieves/GhostsVsThieves/Content/Modern_House_V1/Textures/Tiles_2/T_Tiles052_4K_Displacement.uasset" 1688
"G:/UnrealProjects/GhostsVsThieves/GhostsVsThieves/Content/Modern_House_V1/Textures/Tiles_2/T_Tiles052_4K_Displacement.uexp" 1689
"G:/UnrealProjects/GhostsVsThieves/GhostsVsThieves/Content/Modern_House_V1/Textures/Tiles_2/T_Tiles052_4K_Color.ubulk" 1690
"G:/UnrealProjects/GhostsVsThieves/GhostsVsThieves/Content/Modern_House_V1/Textures/Tiles_2/T_Tiles052_4K_Color.uasset" 1691
"G:/UnrealProjects/GhostsVsThieves/GhostsVsThieves/Content/Modern_House_V1/Textures/Tiles_2/T_Tiles052_4K_Color.uexp" 1692
"G:/UnrealProjects/GhostsVsThieves/GhostsVsThieves/Content/Modern_House_V1/Textures/Tiles_2/T_Tiles052_4K_Roughness.ubulk" 1693
"G:/UnrealProjects/GhostsVsThieves/GhostsVsThieves/Content/Modern_House_V1/Textures/Tiles_2/T_Tiles052_4K_Roughness.uasset" 1694
"G:/UnrealProjects/GhostsVsThieves/GhostsVsThieves/Content/Modern_House_V1/Textures/Tiles_2/T_Tiles052_4K_Roughness.uexp" 1695
"G:/UnrealProjects/GhostsVsThieves/GhostsVsThieves/Content/Modern_House_V1/Materials/M_Tiles_2.uasset" 1696
"G:/UnrealProjects/GhostsVsThieves/GhostsVsThieves/Content/Modern_House_V1/Materials/M_Tiles_2.uexp" 1697
"G:/UnrealProjects/GhostsVsThieves/GhostsVsThieves/Content/Modern_House_V1/Materials/Instance/M_Tiles_2_Inst3.uasset" 1698
"G:/UnrealProjects/GhostsVsThieves/GhostsVsThieves/Content/Modern_House_V1/Materials/Instance/M_Tiles_2_Inst3.uexp" 1699
"G:/UnrealProjects/GhostsVsThieves/GhostsVsThieves/Content/Modern_House_V1/Mesh/SM_Shower.ubulk" 1700
"G:/UnrealProjects/GhostsVsThieves/GhostsVsThieves/Content/Modern_House_V1/Mesh/SM_Shower.uasset" 1701
"G:/UnrealProjects/GhostsVsThieves/GhostsVsThieves/Content/Modern_House_V1/Mesh/SM_Shower.uexp" 1702
"G:/UnrealProjects/GhostsVsThieves/GhostsVsThieves/Content/Modern_House_V1/Mesh/SM_Cabinet_9_Door_A.ubulk" 1703
"G:/UnrealProjects/GhostsVsThieves/GhostsVsThieves/Content/Modern_House_V1/Mesh/SM_Cabinet_9_Door_A.uasset" 1704
"G:/UnrealProjects/GhostsVsThieves/GhostsVsThieves/Content/Modern_House_V1/Mesh/SM_Cabinet_9_Door_A.uexp" 1705
"G:/UnrealProjects/GhostsVsThieves/GhostsVsThieves/Content/Modern_House_V1/Mesh/SM_Cabinet_1.ubulk" 1706
"G:/UnrealProjects/GhostsVsThieves/GhostsVsThieves/Content/Modern_House_V1/Mesh/SM_Cabinet_1.uasset" 1707
"G:/UnrealProjects/GhostsVsThieves/GhostsVsThieves/Content/Modern_House_V1/Mesh/SM_Cabinet_1.uexp" 1708
"G:/UnrealProjects/GhostsVsThieves/GhostsVsThieves/Content/Modern_House_V1/Mesh/SM_Cabinet_2.ubulk" 1709
"G:/UnrealProjects/GhostsVsThieves/GhostsVsThieves/Content/Modern_House_V1/Mesh/SM_Cabinet_2.uasset" 1710
"G:/UnrealProjects/GhostsVsThieves/GhostsVsThieves/Content/Modern_House_V1/Mesh/SM_Cabinet_2.uexp" 1711
"G:/UnrealProjects/GhostsVsThieves/GhostsVsThieves/Content/Modern_House_V1/Mesh/SM_Cabinet_3.ubulk" 1712
"G:/UnrealProjects/GhostsVsThieves/GhostsVsThieves/Content/Modern_House_V1/Mesh/SM_Cabinet_3.uasset" 1713
"G:/UnrealProjects/GhostsVsThieves/GhostsVsThieves/Content/Modern_House_V1/Mesh/SM_Cabinet_3.uexp" 1714
"G:/UnrealProjects/GhostsVsThieves/GhostsVsThieves/Content/Modern_House_V1/Mesh/SM_Cabinet_4.ubulk" 1715
"G:/UnrealProjects/GhostsVsThieves/GhostsVsThieves/Content/Modern_House_V1/Mesh/SM_Cabinet_4.uasset" 1716
"G:/UnrealProjects/GhostsVsThieves/GhostsVsThieves/Content/Modern_House_V1/Mesh/SM_Cabinet_4.uexp" 1717
"G:/UnrealProjects/GhostsVsThieves/GhostsVsThieves/Content/Modern_House_V1/Mesh/SM_Cabinet_5.ubulk" 1718
"G:/UnrealProjects/GhostsVsThieves/GhostsVsThieves/Content/Modern_House_V1/Mesh/SM_Cabinet_5.uasset" 1719
"G:/UnrealProjects/GhostsVsThieves/GhostsVsThieves/Content/Modern_House_V1/Mesh/SM_Cabinet_5.uexp" 1720
"G:/UnrealProjects/GhostsVsThieves/GhostsVsThieves/Content/Modern_House_V1/Mesh/SM_Cabinet_6.ubulk" 1721
"G:/UnrealProjects/GhostsVsThieves/GhostsVsThieves/Content/Modern_House_V1/Mesh/SM_Cabinet_6.uasset" 1722
"G:/UnrealProjects/GhostsVsThieves/GhostsVsThieves/Content/Modern_House_V1/Mesh/SM_Cabinet_6.uexp" 1723
"G:/UnrealProjects/GhostsVsThieves/GhostsVsThieves/Content/Modern_House_V1/Mesh/SM_Cabinet_7.ubulk" 1724
"G:/UnrealProjects/GhostsVsThieves/GhostsVsThieves/Content/Modern_House_V1/Mesh/SM_Cabinet_7.uasset" 1725
"G:/UnrealProjects/GhostsVsThieves/GhostsVsThieves/Content/Modern_House_V1/Mesh/SM_Cabinet_7.uexp" 1726
"G:/UnrealProjects/GhostsVsThieves/GhostsVsThieves/Content/Modern_House_V1/Materials/Instance/M_Wood_7_Inst1.uasset" 1727
"G:/UnrealProjects/GhostsVsThieves/GhostsVsThieves/Content/Modern_House_V1/Materials/Instance/M_Wood_7_Inst1.uexp" 1728
"G:/UnrealProjects/GhostsVsThieves/GhostsVsThieves/Content/Modern_House_V1/Mesh/SM_Cabinet_8.ubulk" 1729
"G:/UnrealProjects/GhostsVsThieves/GhostsVsThieves/Content/Modern_House_V1/Mesh/SM_Cabinet_8.uasset" 1730
"G:/UnrealProjects/GhostsVsThieves/GhostsVsThieves/Content/Modern_House_V1/Mesh/SM_Cabinet_8.uexp" 1731
"G:/UnrealProjects/GhostsVsThieves/GhostsVsThieves/Content/Modern_House_V1/Mesh/SM_Cabinet_9.ubulk" 1732
"G:/UnrealProjects/GhostsVsThieves/GhostsVsThieves/Content/Modern_House_V1/Mesh/SM_Cabinet_9.uasset" 1733
"G:/UnrealProjects/GhostsVsThieves/GhostsVsThieves/Content/Modern_House_V1/Mesh/SM_Cabinet_9.uexp" 1734
"G:/UnrealProjects/GhostsVsThieves/GhostsVsThieves/Content/Modern_House_V1/Textures/Plastic_2/T_Plastic011_4K_Color.ubulk" 1735
"G:/UnrealProjects/GhostsVsThieves/GhostsVsThieves/Content/Modern_House_V1/Textures/Plastic_2/T_Plastic011_4K_Color.uasset" 1736
"G:/UnrealProjects/GhostsVsThieves/GhostsVsThieves/Content/Modern_House_V1/Textures/Plastic_2/T_Plastic011_4K_Color.uexp" 1737
"G:/UnrealProjects/GhostsVsThieves/GhostsVsThieves/Content/Modern_House_V1/Textures/Plastic_2/T_Plastic011_4K_Normal.ubulk" 1738
"G:/UnrealProjects/GhostsVsThieves/GhostsVsThieves/Content/Modern_House_V1/Textures/Plastic_2/T_Plastic011_4K_Normal.uasset" 1739
"G:/UnrealProjects/GhostsVsThieves/GhostsVsThieves/Content/Modern_House_V1/Textures/Plastic_2/T_Plastic011_4K_Normal.uexp" 1740
"G:/UnrealProjects/GhostsVsThieves/GhostsVsThieves/Content/Modern_House_V1/Materials/M_Plastic_2.uasset" 1741
"G:/UnrealProjects/GhostsVsThieves/GhostsVsThieves/Content/Modern_House_V1/Materials/M_Plastic_2.uexp" 1742
"G:/UnrealProjects/GhostsVsThieves/GhostsVsThieves/Content/Modern_House_V1/Materials/Instance/M_Plastic_2_Inst.uasset" 1743
"G:/UnrealProjects/GhostsVsThieves/GhostsVsThieves/Content/Modern_House_V1/Materials/Instance/M_Plastic_2_Inst.uexp" 1744
"G:/UnrealProjects/GhostsVsThieves/GhostsVsThieves/Content/Modern_House_V1/Mesh/SM_Cabinet_10.ubulk" 1745
"G:/UnrealProjects/GhostsVsThieves/GhostsVsThieves/Content/Modern_House_V1/Mesh/SM_Cabinet_10.uasset" 1746
"G:/UnrealProjects/GhostsVsThieves/GhostsVsThieves/Content/Modern_House_V1/Mesh/SM_Cabinet_10.uexp" 1747
"G:/UnrealProjects/GhostsVsThieves/GhostsVsThieves/Content/Modern_House_V1/Textures/Marble_1/T_Marble024_4K_Color.ubulk" 1748
"G:/UnrealProjects/GhostsVsThieves/GhostsVsThieves/Content/Modern_House_V1/Textures/Marble_1/T_Marble024_4K_Color.uasset" 1749
"G:/UnrealProjects/GhostsVsThieves/GhostsVsThieves/Content/Modern_House_V1/Textures/Marble_1/T_Marble024_4K_Color.uexp" 1750
"G:/UnrealProjects/GhostsVsThieves/GhostsVsThieves/Content/Modern_House_V1/Textures/Marble_1/T_Marble024_4K_Normal.ubulk" 1751
"G:/UnrealProjects/GhostsVsThieves/GhostsVsThieves/Content/Modern_House_V1/Textures/Marble_1/T_Marble024_4K_Normal.uasset" 1752
"G:/UnrealProjects/GhostsVsThieves/GhostsVsThieves/Content/Modern_House_V1/Textures/Marble_1/T_Marble024_4K_Normal.uexp" 1753
"G:/UnrealProjects/GhostsVsThieves/GhostsVsThieves/Content/Modern_House_V1/Textures/Marble_1/T_Marble024_4K_Roughness.ubulk" 1754
"G:/UnrealProjects/GhostsVsThieves/GhostsVsThieves/Content/Modern_House_V1/Textures/Marble_1/T_Marble024_4K_Roughness.uasset" 1755
"G:/UnrealProjects/GhostsVsThieves/GhostsVsThieves/Content/Modern_House_V1/Textures/Marble_1/T_Marble024_4K_Roughness.uexp" 1756
"G:/UnrealProjects/GhostsVsThieves/GhostsVsThieves/Content/Modern_House_V1/Textures/Marble_1/T_Marble024_4K_Displacement.ubulk" 1757
"G:/UnrealProjects/GhostsVsThieves/GhostsVsThieves/Content/Modern_House_V1/Textures/Marble_1/T_Marble024_4K_Displacement.uasset" 1758
"G:/UnrealProjects/GhostsVsThieves/GhostsVsThieves/Content/Modern_House_V1/Textures/Marble_1/T_Marble024_4K_Displacement.uexp" 1759
"G:/UnrealProjects/GhostsVsThieves/GhostsVsThieves/Content/Modern_House_V1/Materials/M_Marble_1.uasset" 1760
"G:/UnrealProjects/GhostsVsThieves/GhostsVsThieves/Content/Modern_House_V1/Materials/M_Marble_1.uexp" 1761
"G:/UnrealProjects/GhostsVsThieves/GhostsVsThieves/Content/Modern_House_V1/Materials/Instance/M_Marble_1_Inst.uasset" 1762
"G:/UnrealProjects/GhostsVsThieves/GhostsVsThieves/Content/Modern_House_V1/Materials/Instance/M_Marble_1_Inst.uexp" 1763
"G:/UnrealProjects/GhostsVsThieves/GhostsVsThieves/Content/Modern_House_V1/Mesh/SM_Cabinet_11.ubulk" 1764
"G:/UnrealProjects/GhostsVsThieves/GhostsVsThieves/Content/Modern_House_V1/Mesh/SM_Cabinet_11.uasset" 1765
"G:/UnrealProjects/GhostsVsThieves/GhostsVsThieves/Content/Modern_House_V1/Mesh/SM_Cabinet_11.uexp" 1766
"G:/UnrealProjects/GhostsVsThieves/GhostsVsThieves/Content/Modern_House_V1/Textures/Metal_4/T_Metal034_4K_Color.ubulk" 1767
"G:/UnrealProjects/GhostsVsThieves/GhostsVsThieves/Content/Modern_House_V1/Textures/Metal_4/T_Metal034_4K_Color.uasset" 1768
"G:/UnrealProjects/GhostsVsThieves/GhostsVsThieves/Content/Modern_House_V1/Textures/Metal_4/T_Metal034_4K_Color.uexp" 1769
"G:/UnrealProjects/GhostsVsThieves/GhostsVsThieves/Content/Modern_House_V1/Textures/Metal_4/T_Metal034_4K_Displacement.ubulk" 1770
"G:/UnrealProjects/GhostsVsThieves/GhostsVsThieves/Content/Modern_House_V1/Textures/Metal_4/T_Metal034_4K_Displacement.uasset" 1771
"G:/UnrealProjects/GhostsVsThieves/GhostsVsThieves/Content/Modern_House_V1/Textures/Metal_4/T_Metal034_4K_Displacement.uexp" 1772
"G:/UnrealProjects/GhostsVsThieves/GhostsVsThieves/Content/Modern_House_V1/Materials/M_Metal_4.uasset" 1773
"G:/UnrealProjects/GhostsVsThieves/GhostsVsThieves/Content/Modern_House_V1/Materials/M_Metal_4.uexp" 1774
"G:/UnrealProjects/GhostsVsThieves/GhostsVsThieves/Content/Modern_House_V1/Materials/Instance/M_Metal_4_Inst.uasset" 1775
"G:/UnrealProjects/GhostsVsThieves/GhostsVsThieves/Content/Modern_House_V1/Materials/Instance/M_Metal_4_Inst.uexp" 1776
"G:/UnrealProjects/GhostsVsThieves/GhostsVsThieves/Content/Modern_House_V1/Mesh/SM_Lamp_1.ubulk" 1777
"G:/UnrealProjects/GhostsVsThieves/GhostsVsThieves/Content/Modern_House_V1/Mesh/SM_Lamp_1.uasset" 1778
"G:/UnrealProjects/GhostsVsThieves/GhostsVsThieves/Content/Modern_House_V1/Mesh/SM_Lamp_1.uexp" 1779
"G:/UnrealProjects/GhostsVsThieves/GhostsVsThieves/Content/Modern_House_V1/Blueprint/BP_Light_1.uasset" 1780
"G:/UnrealProjects/GhostsVsThieves/GhostsVsThieves/Content/Modern_House_V1/Blueprint/BP_Light_1.uexp" 1781
"G:/UnrealProjects/GhostsVsThieves/GhostsVsThieves/Content/Modern_House_V1/Mesh/SM_Cabinet_7_Door.ubulk" 1782
"G:/UnrealProjects/GhostsVsThieves/GhostsVsThieves/Content/Modern_House_V1/Mesh/SM_Cabinet_7_Door.uasset" 1783
"G:/UnrealProjects/GhostsVsThieves/GhostsVsThieves/Content/Modern_House_V1/Mesh/SM_Cabinet_7_Door.uexp" 1784
"G:/UnrealProjects/GhostsVsThieves/GhostsVsThieves/Content/Modern_House_V1/Textures/Tiles/T_Tiles107_4K_Normal.ubulk" 1785
"G:/UnrealProjects/GhostsVsThieves/GhostsVsThieves/Content/Modern_House_V1/Textures/Tiles/T_Tiles107_4K_Normal.uasset" 1786
"G:/UnrealProjects/GhostsVsThieves/GhostsVsThieves/Content/Modern_House_V1/Textures/Tiles/T_Tiles107_4K_Normal.uexp" 1787
"G:/UnrealProjects/GhostsVsThieves/GhostsVsThieves/Content/Modern_House_V1/Textures/Tiles/T_Tiles107_4K_AmbientOcclusion.ubulk" 1788
"G:/UnrealProjects/GhostsVsThieves/GhostsVsThieves/Content/Modern_House_V1/Textures/Tiles/T_Tiles107_4K_AmbientOcclusion.uasset" 1789
"G:/UnrealProjects/GhostsVsThieves/GhostsVsThieves/Content/Modern_House_V1/Textures/Tiles/T_Tiles107_4K_AmbientOcclusion.uexp" 1790
"G:/UnrealProjects/GhostsVsThieves/GhostsVsThieves/Content/Modern_House_V1/Textures/Tiles/T_Tiles107_4K_Color.ubulk" 1791
"G:/UnrealProjects/GhostsVsThieves/GhostsVsThieves/Content/Modern_House_V1/Textures/Tiles/T_Tiles107_4K_Color.uasset" 1792
"G:/UnrealProjects/GhostsVsThieves/GhostsVsThieves/Content/Modern_House_V1/Textures/Tiles/T_Tiles107_4K_Color.uexp" 1793
"G:/UnrealProjects/GhostsVsThieves/GhostsVsThieves/Content/Modern_House_V1/Textures/Tiles/T_Tiles107_4K_Displacement.ubulk" 1794
"G:/UnrealProjects/GhostsVsThieves/GhostsVsThieves/Content/Modern_House_V1/Textures/Tiles/T_Tiles107_4K_Displacement.uasset" 1795
"G:/UnrealProjects/GhostsVsThieves/GhostsVsThieves/Content/Modern_House_V1/Textures/Tiles/T_Tiles107_4K_Displacement.uexp" 1796
"G:/UnrealProjects/GhostsVsThieves/GhostsVsThieves/Content/Modern_House_V1/Textures/Tiles/T_Tiles107_4K_Roughness.ubulk" 1797
"G:/UnrealProjects/GhostsVsThieves/GhostsVsThieves/Content/Modern_House_V1/Textures/Tiles/T_Tiles107_4K_Roughness.uasset" 1798
"G:/UnrealProjects/GhostsVsThieves/GhostsVsThieves/Content/Modern_House_V1/Textures/Tiles/T_Tiles107_4K_Roughness.uexp" 1799
"G:/UnrealProjects/GhostsVsThieves/GhostsVsThieves/Content/Modern_House_V1/Materials/M_Tiles_1.uasset" 1800
"G:/UnrealProjects/GhostsVsThieves/GhostsVsThieves/Content/Modern_House_V1/Materials/M_Tiles_1.uexp" 1801
"G:/UnrealProjects/GhostsVsThieves/GhostsVsThieves/Content/Modern_House_V1/Materials/Instance/M_Tiles_1_Inst.uasset" 1802
"G:/UnrealProjects/GhostsVsThieves/GhostsVsThieves/Content/Modern_House_V1/Materials/Instance/M_Tiles_1_Inst.uexp" 1803
"G:/UnrealProjects/GhostsVsThieves/GhostsVsThieves/Content/Modern_House_V1/Materials/Instance/M_Color_3_Inst4.uasset" 1804
"G:/UnrealProjects/GhostsVsThieves/GhostsVsThieves/Content/Modern_House_V1/Materials/Instance/M_Color_3_Inst4.uexp" 1805
"G:/UnrealProjects/GhostsVsThieves/GhostsVsThieves/Content/Modern_House_V1/Mesh/SM_Pool_1.ubulk" 1806
"G:/UnrealProjects/GhostsVsThieves/GhostsVsThieves/Content/Modern_House_V1/Mesh/SM_Pool_1.uasset" 1807
"G:/UnrealProjects/GhostsVsThieves/GhostsVsThieves/Content/Modern_House_V1/Mesh/SM_Pool_1.uexp" 1808
"G:/UnrealProjects/GhostsVsThieves/GhostsVsThieves/Content/Modern_House_V1/Materials/Instance/M_Tiles_2_Inst.uasset" 1809
"G:/UnrealProjects/GhostsVsThieves/GhostsVsThieves/Content/Modern_House_V1/Materials/Instance/M_Tiles_2_Inst.uexp" 1810
"G:/UnrealProjects/GhostsVsThieves/GhostsVsThieves/Content/Modern_House_V1/Materials/Instance/M_Tiles_2_Inst2.uasset" 1811
"G:/UnrealProjects/GhostsVsThieves/GhostsVsThieves/Content/Modern_House_V1/Materials/Instance/M_Tiles_2_Inst2.uexp" 1812
"G:/UnrealProjects/GhostsVsThieves/GhostsVsThieves/Content/Modern_House_V1/Textures/Roof/T_RoofingTiles002_4K_Normal.ubulk" 1813
"G:/UnrealProjects/GhostsVsThieves/GhostsVsThieves/Content/Modern_House_V1/Textures/Roof/T_RoofingTiles002_4K_Normal.uasset" 1814
"G:/UnrealProjects/GhostsVsThieves/GhostsVsThieves/Content/Modern_House_V1/Textures/Roof/T_RoofingTiles002_4K_Normal.uexp" 1815
"G:/UnrealProjects/GhostsVsThieves/GhostsVsThieves/Content/Modern_House_V1/Textures/Roof/T_RoofingTiles002_4K_Color.ubulk" 1816
"G:/UnrealProjects/GhostsVsThieves/GhostsVsThieves/Content/Modern_House_V1/Textures/Roof/T_RoofingTiles002_4K_Color.uasset" 1817
"G:/UnrealProjects/GhostsVsThieves/GhostsVsThieves/Content/Modern_House_V1/Textures/Roof/T_RoofingTiles002_4K_Color.uexp" 1818
"G:/UnrealProjects/GhostsVsThieves/GhostsVsThieves/Content/Modern_House_V1/Textures/Roof/T_RoofingTiles002_4K_Displacement.ubulk" 1819
"G:/UnrealProjects/GhostsVsThieves/GhostsVsThieves/Content/Modern_House_V1/Textures/Roof/T_RoofingTiles002_4K_Displacement.uasset" 1820
"G:/UnrealProjects/GhostsVsThieves/GhostsVsThieves/Content/Modern_House_V1/Textures/Roof/T_RoofingTiles002_4K_Displacement.uexp" 1821
"G:/UnrealProjects/GhostsVsThieves/GhostsVsThieves/Content/Modern_House_V1/Textures/Roof/T_RoofingTiles002_4K_Roughness.ubulk" 1822
"G:/UnrealProjects/GhostsVsThieves/GhostsVsThieves/Content/Modern_House_V1/Textures/Roof/T_RoofingTiles002_4K_Roughness.uasset" 1823
"G:/UnrealProjects/GhostsVsThieves/GhostsVsThieves/Content/Modern_House_V1/Textures/Roof/T_RoofingTiles002_4K_Roughness.uexp" 1824
"G:/UnrealProjects/GhostsVsThieves/GhostsVsThieves/Content/Modern_House_V1/Materials/M_Roof_1.uasset" 1825
"G:/UnrealProjects/GhostsVsThieves/GhostsVsThieves/Content/Modern_House_V1/Materials/M_Roof_1.uexp" 1826
"G:/UnrealProjects/GhostsVsThieves/GhostsVsThieves/Content/Modern_House_V1/Materials/Instance/M_Roof_1_Inst.uasset" 1827
"G:/UnrealProjects/GhostsVsThieves/GhostsVsThieves/Content/Modern_House_V1/Materials/Instance/M_Roof_1_Inst.uexp" 1828
"G:/UnrealProjects/GhostsVsThieves/GhostsVsThieves/Content/Modern_House_V1/Textures/Fabric_4/T_Fabric016_4K_Color.ubulk" 1829
"G:/UnrealProjects/GhostsVsThieves/GhostsVsThieves/Content/Modern_House_V1/Textures/Fabric_4/T_Fabric016_4K_Color.uasset" 1830
"G:/UnrealProjects/GhostsVsThieves/GhostsVsThieves/Content/Modern_House_V1/Textures/Fabric_4/T_Fabric016_4K_Color.uexp" 1831
"G:/UnrealProjects/GhostsVsThieves/GhostsVsThieves/Content/Modern_House_V1/Textures/Fabric_4/T_Fabric016_4K_Normal.ubulk" 1832
"G:/UnrealProjects/GhostsVsThieves/GhostsVsThieves/Content/Modern_House_V1/Textures/Fabric_4/T_Fabric016_4K_Normal.uasset" 1833
"G:/UnrealProjects/GhostsVsThieves/GhostsVsThieves/Content/Modern_House_V1/Textures/Fabric_4/T_Fabric016_4K_Normal.uexp" 1834
"G:/UnrealProjects/GhostsVsThieves/GhostsVsThieves/Content/Modern_House_V1/Textures/Fabric_4/T_Fabric016_4K_Displacement.ubulk" 1835
"G:/UnrealProjects/GhostsVsThieves/GhostsVsThieves/Content/Modern_House_V1/Textures/Fabric_4/T_Fabric016_4K_Displacement.uasset" 1836
"G:/UnrealProjects/GhostsVsThieves/GhostsVsThieves/Content/Modern_House_V1/Textures/Fabric_4/T_Fabric016_4K_Displacement.uexp" 1837
"G:/UnrealProjects/GhostsVsThieves/GhostsVsThieves/Content/Modern_House_V1/Textures/Fabric_4/T_Fabric016_4K_Roughness.ubulk" 1838
"G:/UnrealProjects/GhostsVsThieves/GhostsVsThieves/Content/Modern_House_V1/Textures/Fabric_4/T_Fabric016_4K_Roughness.uasset" 1839
"G:/UnrealProjects/GhostsVsThieves/GhostsVsThieves/Content/Modern_House_V1/Textures/Fabric_4/T_Fabric016_4K_Roughness.uexp" 1840
"G:/UnrealProjects/GhostsVsThieves/GhostsVsThieves/Content/Modern_House_V1/Materials/M_Fabric_4.uasset" 1841
"G:/UnrealProjects/GhostsVsThieves/GhostsVsThieves/Content/Modern_House_V1/Materials/M_Fabric_4.uexp" 1842
"G:/UnrealProjects/GhostsVsThieves/GhostsVsThieves/Content/Modern_House_V1/Materials/Instance/M_Fabric_4_Inst.uasset" 1843
"G:/UnrealProjects/GhostsVsThieves/GhostsVsThieves/Content/Modern_House_V1/Materials/Instance/M_Fabric_4_Inst.uexp" 1844
"G:/UnrealProjects/GhostsVsThieves/GhostsVsThieves/Content/Modern_House_V1/Materials/Instance/M_Color_2_Inst2.uasset" 1845
"G:/UnrealProjects/GhostsVsThieves/GhostsVsThieves/Content/Modern_House_V1/Materials/Instance/M_Color_2_Inst2.uexp" 1846
"G:/UnrealProjects/GhostsVsThieves/GhostsVsThieves/Content/Modern_House_V1/Textures/Paper_1/T_Paper001_3K_Color.uasset" 1847
"G:/UnrealProjects/GhostsVsThieves/GhostsVsThieves/Content/Modern_House_V1/Textures/Paper_1/T_Paper001_3K_Color.uexp" 1848
"G:/UnrealProjects/GhostsVsThieves/GhostsVsThieves/Content/Modern_House_V1/Textures/Paper_1/T_Paper001_3K_Roughness.uasset" 1849
"G:/UnrealProjects/GhostsVsThieves/GhostsVsThieves/Content/Modern_House_V1/Textures/Paper_1/T_Paper001_3K_Roughness.uexp" 1850
"G:/UnrealProjects/GhostsVsThieves/GhostsVsThieves/Content/Modern_House_V1/Materials/M_Paper_1.uasset" 1851
"G:/UnrealProjects/GhostsVsThieves/GhostsVsThieves/Content/Modern_House_V1/Materials/M_Paper_1.uexp" 1852
"G:/UnrealProjects/GhostsVsThieves/GhostsVsThieves/Content/Modern_House_V1/Materials/Instance/M_Paper_4_Inst_4.uasset" 1853
"G:/UnrealProjects/GhostsVsThieves/GhostsVsThieves/Content/Modern_House_V1/Materials/Instance/M_Paper_4_Inst_4.uexp" 1854
"G:/UnrealProjects/GhostsVsThieves/GhostsVsThieves/Content/Modern_House_V1/Materials/Instance/M_Color_3_Inst3.uasset" 1855
"G:/UnrealProjects/GhostsVsThieves/GhostsVsThieves/Content/Modern_House_V1/Materials/Instance/M_Color_3_Inst3.uexp" 1856
"G:/UnrealProjects/GhostsVsThieves/GhostsVsThieves/Content/Modern_House_V1/Materials/Instance/M_Paper_5_Inst_5.uasset" 1857
"G:/UnrealProjects/GhostsVsThieves/GhostsVsThieves/Content/Modern_House_V1/Materials/Instance/M_Paper_5_Inst_5.uexp" 1858
"G:/UnrealProjects/GhostsVsThieves/GhostsVsThieves/Content/Modern_House_V1/Textures/Asphalt_1/T_Asphalt010_4K_Color.ubulk" 1859
"G:/UnrealProjects/GhostsVsThieves/GhostsVsThieves/Content/Modern_House_V1/Textures/Asphalt_1/T_Asphalt010_4K_Color.uasset" 1860
"G:/UnrealProjects/GhostsVsThieves/GhostsVsThieves/Content/Modern_House_V1/Textures/Asphalt_1/T_Asphalt010_4K_Color.uexp" 1861
"G:/UnrealProjects/GhostsVsThieves/GhostsVsThieves/Content/Modern_House_V1/Textures/Asphalt_1/T_Asphalt010_4K_Roughness.ubulk" 1862
"G:/UnrealProjects/GhostsVsThieves/GhostsVsThieves/Content/Modern_House_V1/Textures/Asphalt_1/T_Asphalt010_4K_Roughness.uasset" 1863
"G:/UnrealProjects/GhostsVsThieves/GhostsVsThieves/Content/Modern_House_V1/Textures/Asphalt_1/T_Asphalt010_4K_Roughness.uexp" 1864
"G:/UnrealProjects/GhostsVsThieves/GhostsVsThieves/Content/Modern_House_V1/Textures/Asphalt_1/T_Asphalt010_4K_Displacement.ubulk" 1865
"G:/UnrealProjects/GhostsVsThieves/GhostsVsThieves/Content/Modern_House_V1/Textures/Asphalt_1/T_Asphalt010_4K_Displacement.uasset" 1866
"G:/UnrealProjects/GhostsVsThieves/GhostsVsThieves/Content/Modern_House_V1/Textures/Asphalt_1/T_Asphalt010_4K_Displacement.uexp" 1867
"G:/UnrealProjects/GhostsVsThieves/GhostsVsThieves/Content/Modern_House_V1/Textures/Asphalt_1/T_Asphalt010_4K_Opacity.ubulk" 1868
"G:/UnrealProjects/GhostsVsThieves/GhostsVsThieves/Content/Modern_House_V1/Textures/Asphalt_1/T_Asphalt010_4K_Opacity.uasset" 1869
"G:/UnrealProjects/GhostsVsThieves/GhostsVsThieves/Content/Modern_House_V1/Textures/Asphalt_1/T_Asphalt010_4K_Opacity.uexp" 1870
"G:/UnrealProjects/GhostsVsThieves/GhostsVsThieves/Content/Modern_House_V1/Textures/Asphalt_1/T_Asphalt010_4K_Normal.ubulk" 1871
"G:/UnrealProjects/GhostsVsThieves/GhostsVsThieves/Content/Modern_House_V1/Textures/Asphalt_1/T_Asphalt010_4K_Normal.uasset" 1872
"G:/UnrealProjects/GhostsVsThieves/GhostsVsThieves/Content/Modern_House_V1/Textures/Asphalt_1/T_Asphalt010_4K_Normal.uexp" 1873
"G:/UnrealProjects/GhostsVsThieves/GhostsVsThieves/Content/Modern_House_V1/Materials/M_Asphalt_1.uasset" 1874
"G:/UnrealProjects/GhostsVsThieves/GhostsVsThieves/Content/Modern_House_V1/Materials/M_Asphalt_1.uexp" 1875
"G:/UnrealProjects/GhostsVsThieves/GhostsVsThieves/Content/Modern_House_V1/Materials/Instance/M_Asphalt_1_Inst.uasset" 1876
"G:/UnrealProjects/GhostsVsThieves/GhostsVsThieves/Content/Modern_House_V1/Materials/Instance/M_Asphalt_1_Inst.uexp" 1877
"G:/UnrealProjects/GhostsVsThieves/GhostsVsThieves/Content/Modern_House_V1/Materials/Instance/M_Paper_2_Inst_2.uasset" 1878
"G:/UnrealProjects/GhostsVsThieves/GhostsVsThieves/Content/Modern_House_V1/Materials/Instance/M_Paper_2_Inst_2.uexp" 1879
"G:/UnrealProjects/GhostsVsThieves/GhostsVsThieves/Content/Modern_House_V1/Materials/Instance/M_Paper_1_Inst.uasset" 1880
"G:/UnrealProjects/GhostsVsThieves/GhostsVsThieves/Content/Modern_House_V1/Materials/Instance/M_Paper_1_Inst.uexp" 1881
"G:/UnrealProjects/GhostsVsThieves/GhostsVsThieves/Content/Modern_House_V1/Materials/Instance/M_Paper_3_Inst_3.uasset" 1882
"G:/UnrealProjects/GhostsVsThieves/GhostsVsThieves/Content/Modern_House_V1/Materials/Instance/M_Paper_3_Inst_3.uexp" 1883
"G:/UnrealProjects/GhostsVsThieves/GhostsVsThieves/Content/Modern_House_V1/Mesh/SM_House_1.ubulk" 1884
"G:/UnrealProjects/GhostsVsThieves/GhostsVsThieves/Content/Modern_House_V1/Mesh/SM_House_1.uasset" 1885
"G:/UnrealProjects/GhostsVsThieves/GhostsVsThieves/Content/Modern_House_V1/Mesh/SM_House_1.uexp" 1886
"G:/UnrealProjects/GhostsVsThieves/GhostsVsThieves/Content/Modern_House_V1/Mesh/SM_Hangers_1.ubulk" 1887
"G:/UnrealProjects/GhostsVsThieves/GhostsVsThieves/Content/Modern_House_V1/Mesh/SM_Hangers_1.uasset" 1888
"G:/UnrealProjects/GhostsVsThieves/GhostsVsThieves/Content/Modern_House_V1/Mesh/SM_Hangers_1.uexp" 1889
"G:/UnrealProjects/GhostsVsThieves/GhostsVsThieves/Content/Modern_House_V1/Mesh/SM_Hangers_2.ubulk" 1890
"G:/UnrealProjects/GhostsVsThieves/GhostsVsThieves/Content/Modern_House_V1/Mesh/SM_Hangers_2.uasset" 1891
"G:/UnrealProjects/GhostsVsThieves/GhostsVsThieves/Content/Modern_House_V1/Mesh/SM_Hangers_2.uexp" 1892
"G:/UnrealProjects/GhostsVsThieves/GhostsVsThieves/Content/Modern_House_V1/Mesh/SM_Cabinet_4_door.ubulk" 1893
"G:/UnrealProjects/GhostsVsThieves/GhostsVsThieves/Content/Modern_House_V1/Mesh/SM_Cabinet_4_door.uasset" 1894
"G:/UnrealProjects/GhostsVsThieves/GhostsVsThieves/Content/Modern_House_V1/Mesh/SM_Cabinet_4_door.uexp" 1895
"G:/UnrealProjects/GhostsVsThieves/GhostsVsThieves/Content/Modern_House_V1/Textures/Asphalt_2/T_Asphalt003_4K_Displacement.ubulk" 1896
"G:/UnrealProjects/GhostsVsThieves/GhostsVsThieves/Content/Modern_House_V1/Textures/Asphalt_2/T_Asphalt003_4K_Displacement.uasset" 1897
"G:/UnrealProjects/GhostsVsThieves/GhostsVsThieves/Content/Modern_House_V1/Textures/Asphalt_2/T_Asphalt003_4K_Displacement.uexp" 1898
"G:/UnrealProjects/GhostsVsThieves/GhostsVsThieves/Content/Modern_House_V1/Textures/Asphalt_2/T_Asphalt003_4K_Roughness.ubulk" 1899
"G:/UnrealProjects/GhostsVsThieves/GhostsVsThieves/Content/Modern_House_V1/Textures/Asphalt_2/T_Asphalt003_4K_Roughness.uasset" 1900
"G:/UnrealProjects/GhostsVsThieves/GhostsVsThieves/Content/Modern_House_V1/Textures/Asphalt_2/T_Asphalt003_4K_Roughness.uexp" 1901
"G:/UnrealProjects/GhostsVsThieves/GhostsVsThieves/Content/Modern_House_V1/Textures/Asphalt_2/T_Asphalt003_4K_Color.ubulk" 1902
"G:/UnrealProjects/GhostsVsThieves/GhostsVsThieves/Content/Modern_House_V1/Textures/Asphalt_2/T_Asphalt003_4K_Color.uasset" 1903
"G:/UnrealProjects/GhostsVsThieves/GhostsVsThieves/Content/Modern_House_V1/Textures/Asphalt_2/T_Asphalt003_4K_Color.uexp" 1904
"G:/UnrealProjects/GhostsVsThieves/GhostsVsThieves/Content/Modern_House_V1/Textures/Asphalt_2/T_Asphalt003_4K_AmbientOcclusion.ubulk" 1905
"G:/UnrealProjects/GhostsVsThieves/GhostsVsThieves/Content/Modern_House_V1/Textures/Asphalt_2/T_Asphalt003_4K_AmbientOcclusion.uasset" 1906
"G:/UnrealProjects/GhostsVsThieves/GhostsVsThieves/Content/Modern_House_V1/Textures/Asphalt_2/T_Asphalt003_4K_AmbientOcclusion.uexp" 1907
"G:/UnrealProjects/GhostsVsThieves/GhostsVsThieves/Content/Modern_House_V1/Textures/Asphalt_2/T_Asphalt003_4K_Normal.ubulk" 1908
"G:/UnrealProjects/GhostsVsThieves/GhostsVsThieves/Content/Modern_House_V1/Textures/Asphalt_2/T_Asphalt003_4K_Normal.uasset" 1909
"G:/UnrealProjects/GhostsVsThieves/GhostsVsThieves/Content/Modern_House_V1/Textures/Asphalt_2/T_Asphalt003_4K_Normal.uexp" 1910
"G:/UnrealProjects/GhostsVsThieves/GhostsVsThieves/Content/Modern_House_V1/Materials/M_Asphalt_2.uasset" 1911
"G:/UnrealProjects/GhostsVsThieves/GhostsVsThieves/Content/Modern_House_V1/Materials/M_Asphalt_2.uexp" 1912
"G:/UnrealProjects/GhostsVsThieves/GhostsVsThieves/Content/Modern_House_V1/Materials/Instance/M_Asphalt_2_Inst.uasset" 1913
"G:/UnrealProjects/GhostsVsThieves/GhostsVsThieves/Content/Modern_House_V1/Materials/Instance/M_Asphalt_2_Inst.uexp" 1914
"G:/UnrealProjects/GhostsVsThieves/GhostsVsThieves/Content/Modern_House_V1/Mesh/SM_Way_1.ubulk" 1915
"G:/UnrealProjects/GhostsVsThieves/GhostsVsThieves/Content/Modern_House_V1/Mesh/SM_Way_1.uasset" 1916
"G:/UnrealProjects/GhostsVsThieves/GhostsVsThieves/Content/Modern_House_V1/Mesh/SM_Way_1.uexp" 1917
"G:/UnrealProjects/GhostsVsThieves/GhostsVsThieves/Content/Modern_House_V1/Textures/Stone/T_PavingStones054_4K_Roughness.uasset" 1918
"G:/UnrealProjects/GhostsVsThieves/GhostsVsThieves/Content/Modern_House_V1/Textures/Stone/T_PavingStones054_4K_Roughness.uexp" 1919
"G:/UnrealProjects/GhostsVsThieves/GhostsVsThieves/Content/Modern_House_V1/Textures/Stone/T_PavingStones054_4K_AmbientOcclusion.uasset" 1920
"G:/UnrealProjects/GhostsVsThieves/GhostsVsThieves/Content/Modern_House_V1/Textures/Stone/T_PavingStones054_4K_AmbientOcclusion.uexp" 1921
"G:/UnrealProjects/GhostsVsThieves/GhostsVsThieves/Content/Modern_House_V1/Textures/Stone/T_PavingStones054_4K_Displacement.uasset" 1922
"G:/UnrealProjects/GhostsVsThieves/GhostsVsThieves/Content/Modern_House_V1/Textures/Stone/T_PavingStones054_4K_Displacement.uexp" 1923
"G:/UnrealProjects/GhostsVsThieves/GhostsVsThieves/Content/Modern_House_V1/Textures/Stone/T_PavingStones054_4K_Color.uasset" 1924
"G:/UnrealProjects/GhostsVsThieves/GhostsVsThieves/Content/Modern_House_V1/Textures/Stone/T_PavingStones054_4K_Color.uexp" 1925
"G:/UnrealProjects/GhostsVsThieves/GhostsVsThieves/Content/Modern_House_V1/Textures/Stone/T_PavingStones054_4K_Normal.uasset" 1926
"G:/UnrealProjects/GhostsVsThieves/GhostsVsThieves/Content/Modern_House_V1/Textures/Stone/T_PavingStones054_4K_Normal.uexp" 1927
"G:/UnrealProjects/GhostsVsThieves/GhostsVsThieves/Content/Modern_House_V1/Materials/M_Stone_1.uasset" 1928
"G:/UnrealProjects/GhostsVsThieves/GhostsVsThieves/Content/Modern_House_V1/Materials/M_Stone_1.uexp" 1929
"G:/UnrealProjects/GhostsVsThieves/GhostsVsThieves/Content/Modern_House_V1/Materials/Instance/M_Stone_1_Inst.uasset" 1930
"G:/UnrealProjects/GhostsVsThieves/GhostsVsThieves/Content/Modern_House_V1/Materials/Instance/M_Stone_1_Inst.uexp" 1931
"G:/UnrealProjects/GhostsVsThieves/GhostsVsThieves/Content/Modern_House_V1/Mesh/SM_Way_2.ubulk" 1932
"G:/UnrealProjects/GhostsVsThieves/GhostsVsThieves/Content/Modern_House_V1/Mesh/SM_Way_2.uasset" 1933
"G:/UnrealProjects/GhostsVsThieves/GhostsVsThieves/Content/Modern_House_V1/Mesh/SM_Way_2.uexp" 1934
"G:/UnrealProjects/GhostsVsThieves/GhostsVsThieves/Content/Modern_House_V1/Mesh/SM_Way_3.ubulk" 1935
"G:/UnrealProjects/GhostsVsThieves/GhostsVsThieves/Content/Modern_House_V1/Mesh/SM_Way_3.uasset" 1936
"G:/UnrealProjects/GhostsVsThieves/GhostsVsThieves/Content/Modern_House_V1/Mesh/SM_Way_3.uexp" 1937
"G:/UnrealProjects/GhostsVsThieves/GhostsVsThieves/Content/Modern_House_V1/Mesh/SM_Way_4.ubulk" 1938
"G:/UnrealProjects/GhostsVsThieves/GhostsVsThieves/Content/Modern_House_V1/Mesh/SM_Way_4.uasset" 1939
"G:/UnrealProjects/GhostsVsThieves/GhostsVsThieves/Content/Modern_House_V1/Mesh/SM_Way_4.uexp" 1940
"G:/UnrealProjects/GhostsVsThieves/GhostsVsThieves/Content/Modern_House_V1/Mesh/SM_Shelf_1.ubulk" 1941
"G:/UnrealProjects/GhostsVsThieves/GhostsVsThieves/Content/Modern_House_V1/Mesh/SM_Shelf_1.uasset" 1942
"G:/UnrealProjects/GhostsVsThieves/GhostsVsThieves/Content/Modern_House_V1/Mesh/SM_Shelf_1.uexp" 1943
"G:/UnrealProjects/GhostsVsThieves/GhostsVsThieves/Content/Modern_House_V1/Mesh/SM_Shelf_2.ubulk" 1944
"G:/UnrealProjects/GhostsVsThieves/GhostsVsThieves/Content/Modern_House_V1/Mesh/SM_Shelf_2.uasset" 1945
"G:/UnrealProjects/GhostsVsThieves/GhostsVsThieves/Content/Modern_House_V1/Mesh/SM_Shelf_2.uexp" 1946
"G:/UnrealProjects/GhostsVsThieves/GhostsVsThieves/Content/Modern_House_V1/Mesh/SM_Shelf_3.ubulk" 1947
"G:/UnrealProjects/GhostsVsThieves/GhostsVsThieves/Content/Modern_House_V1/Mesh/SM_Shelf_3.uasset" 1948
"G:/UnrealProjects/GhostsVsThieves/GhostsVsThieves/Content/Modern_House_V1/Mesh/SM_Shelf_3.uexp" 1949
"G:/UnrealProjects/GhostsVsThieves/GhostsVsThieves/Content/Modern_House_V1/Mesh/SM_Wall_1.ubulk" 1950
"G:/UnrealProjects/GhostsVsThieves/GhostsVsThieves/Content/Modern_House_V1/Mesh/SM_Wall_1.uasset" 1951
"G:/UnrealProjects/GhostsVsThieves/GhostsVsThieves/Content/Modern_House_V1/Mesh/SM_Wall_1.uexp" 1952
"G:/UnrealProjects/GhostsVsThieves/GhostsVsThieves/Content/Modern_House_V1/Mesh/SM_Decoration_.ubulk" 1953
"G:/UnrealProjects/GhostsVsThieves/GhostsVsThieves/Content/Modern_House_V1/Mesh/SM_Decoration_.uasset" 1954
"G:/UnrealProjects/GhostsVsThieves/GhostsVsThieves/Content/Modern_House_V1/Mesh/SM_Decoration_.uexp" 1955
"G:/UnrealProjects/GhostsVsThieves/GhostsVsThieves/Content/Houses/BP_House_MVP.uasset" 1956
"G:/UnrealProjects/GhostsVsThieves/GhostsVsThieves/Content/Houses/BP_House_MVP.uexp" 1957
"G:/UnrealProjects/GhostsVsThieves/GhostsVsThieves/Content/Fab/Low-Poly_Cars/wheel_metallicRoughness.ubulk" 1958
"G:/UnrealProjects/GhostsVsThieves/GhostsVsThieves/Content/Fab/Low-Poly_Cars/wheel_metallicRoughness.uasset" 1959
"G:/UnrealProjects/GhostsVsThieves/GhostsVsThieves/Content/Fab/Low-Poly_Cars/wheel_metallicRoughness.uexp" 1960
"G:/UnrealProjects/GhostsVsThieves/GhostsVsThieves/Content/Fab/Low-Poly_Cars/wheel_normal.ubulk" 1961
"G:/UnrealProjects/GhostsVsThieves/GhostsVsThieves/Content/Fab/Low-Poly_Cars/wheel_normal.uasset" 1962
"G:/UnrealProjects/GhostsVsThieves/GhostsVsThieves/Content/Fab/Low-Poly_Cars/wheel_normal.uexp" 1963
"G:/UnrealProjects/GhostsVsThieves/GhostsVsThieves/Content/Fab/Low-Poly_Cars/wheel_baseColor.ubulk" 1964
"G:/UnrealProjects/GhostsVsThieves/GhostsVsThieves/Content/Fab/Low-Poly_Cars/wheel_baseColor.uasset" 1965
"G:/UnrealProjects/GhostsVsThieves/GhostsVsThieves/Content/Fab/Low-Poly_Cars/wheel_baseColor.uexp" 1966
"../../../Engine/Plugins/Interchange/Assets/Content/gltf/MaterialInstances/MI_Default_Opaque_DS.uasset" 1967
"../../../Engine/Plugins/Interchange/Assets/Content/gltf/MaterialInstances/MI_Default_Opaque_DS.uexp" 1968
"G:/UnrealProjects/GhostsVsThieves/GhostsVsThieves/Content/Fab/Low-Poly_Cars/wheel.uasset" 1969
"G:/UnrealProjects/GhostsVsThieves/GhostsVsThieves/Content/Fab/Low-Poly_Cars/wheel.uexp" 1970
"G:/UnrealProjects/GhostsVsThieves/GhostsVsThieves/Content/Fab/Low-Poly_Cars/Object_12.ubulk" 1971
"G:/UnrealProjects/GhostsVsThieves/GhostsVsThieves/Content/Fab/Low-Poly_Cars/Object_12.uasset" 1972
"G:/UnrealProjects/GhostsVsThieves/GhostsVsThieves/Content/Fab/Low-Poly_Cars/Object_12.uexp" 1973
"G:/UnrealProjects/GhostsVsThieves/GhostsVsThieves/Content/Fab/Low-Poly_Cars/Material_002_baseColor.ubulk" 1974
"G:/UnrealProjects/GhostsVsThieves/GhostsVsThieves/Content/Fab/Low-Poly_Cars/Material_002_baseColor.uasset" 1975
"G:/UnrealProjects/GhostsVsThieves/GhostsVsThieves/Content/Fab/Low-Poly_Cars/Material_002_baseColor.uexp" 1976
"G:/UnrealProjects/GhostsVsThieves/GhostsVsThieves/Content/Fab/Low-Poly_Cars/Material_002_metallicRoughness.ubulk" 1977
"G:/UnrealProjects/GhostsVsThieves/GhostsVsThieves/Content/Fab/Low-Poly_Cars/Material_002_metallicRoughness.uasset" 1978
"G:/UnrealProjects/GhostsVsThieves/GhostsVsThieves/Content/Fab/Low-Poly_Cars/Material_002_metallicRoughness.uexp" 1979
"G:/UnrealProjects/GhostsVsThieves/GhostsVsThieves/Content/Fab/Low-Poly_Cars/Material_002_normal.ubulk" 1980
"G:/UnrealProjects/GhostsVsThieves/GhostsVsThieves/Content/Fab/Low-Poly_Cars/Material_002_normal.uasset" 1981
"G:/UnrealProjects/GhostsVsThieves/GhostsVsThieves/Content/Fab/Low-Poly_Cars/Material_002_normal.uexp" 1982
"G:/UnrealProjects/GhostsVsThieves/GhostsVsThieves/Content/Fab/Low-Poly_Cars/Material_002_emissive.ubulk" 1983
"G:/UnrealProjects/GhostsVsThieves/GhostsVsThieves/Content/Fab/Low-Poly_Cars/Material_002_emissive.uasset" 1984
"G:/UnrealProjects/GhostsVsThieves/GhostsVsThieves/Content/Fab/Low-Poly_Cars/Material_002_emissive.uexp" 1985
"G:/UnrealProjects/GhostsVsThieves/GhostsVsThieves/Content/Fab/Low-Poly_Cars/Material_002.uasset" 1986
"G:/UnrealProjects/GhostsVsThieves/GhostsVsThieves/Content/Fab/Low-Poly_Cars/Material_002.uexp" 1987
"G:/UnrealProjects/GhostsVsThieves/GhostsVsThieves/Content/Fab/Low-Poly_Cars/Object_24.ubulk" 1988
"G:/UnrealProjects/GhostsVsThieves/GhostsVsThieves/Content/Fab/Low-Poly_Cars/Object_24.uasset" 1989
"G:/UnrealProjects/GhostsVsThieves/GhostsVsThieves/Content/Fab/Low-Poly_Cars/Object_24.uexp" 1990
"G:/UnrealProjects/GhostsVsThieves/GhostsVsThieves/Content/Audio/SFX/lockpicking.ubulk" 1991
"G:/UnrealProjects/GhostsVsThieves/GhostsVsThieves/Content/Audio/SFX/lockpicking.uasset" 1992
"G:/UnrealProjects/GhostsVsThieves/GhostsVsThieves/Content/Audio/SFX/lockpicking.uexp" 1993
"G:/UnrealProjects/GhostsVsThieves/GhostsVsThieves/Content/Fab/Sci-fi_Computer_CC3/Textures/triangle_pc_Emissive.ubulk" 1994
"G:/UnrealProjects/GhostsVsThieves/GhostsVsThieves/Content/Fab/Sci-fi_Computer_CC3/Textures/triangle_pc_Emissive.uasset" 1995
"G:/UnrealProjects/GhostsVsThieves/GhostsVsThieves/Content/Fab/Sci-fi_Computer_CC3/Textures/triangle_pc_Emissive.uexp" 1996
"G:/UnrealProjects/GhostsVsThieves/GhostsVsThieves/Content/Fab/Sci-fi_Computer_CC3/Textures/triangle_pc_BaseColor.ubulk" 1997
"G:/UnrealProjects/GhostsVsThieves/GhostsVsThieves/Content/Fab/Sci-fi_Computer_CC3/Textures/triangle_pc_BaseColor.uasset" 1998
"G:/UnrealProjects/GhostsVsThieves/GhostsVsThieves/Content/Fab/Sci-fi_Computer_CC3/Textures/triangle_pc_BaseColor.uexp" 1999
"G:/UnrealProjects/GhostsVsThieves/GhostsVsThieves/Content/Fab/Sci-fi_Computer_CC3/Textures/triangle_pc_Roughness.ubulk" 2000
"G:/UnrealProjects/GhostsVsThieves/GhostsVsThieves/Content/Fab/Sci-fi_Computer_CC3/Textures/triangle_pc_Roughness.uasset" 2001
"G:/UnrealProjects/GhostsVsThieves/GhostsVsThieves/Content/Fab/Sci-fi_Computer_CC3/Textures/triangle_pc_Roughness.uexp" 2002
"G:/UnrealProjects/GhostsVsThieves/GhostsVsThieves/Content/Fab/Sci-fi_Computer_CC3/Textures/triangle_pc_Metallic.ubulk" 2003
"G:/UnrealProjects/GhostsVsThieves/GhostsVsThieves/Content/Fab/Sci-fi_Computer_CC3/Textures/triangle_pc_Metallic.uasset" 2004
"G:/UnrealProjects/GhostsVsThieves/GhostsVsThieves/Content/Fab/Sci-fi_Computer_CC3/Textures/triangle_pc_Metallic.uexp" 2005
"G:/UnrealProjects/GhostsVsThieves/GhostsVsThieves/Content/Fab/Sci-fi_Computer_CC3/Textures/triangle_pc_Normal_OpenGL.ubulk" 2006
"G:/UnrealProjects/GhostsVsThieves/GhostsVsThieves/Content/Fab/Sci-fi_Computer_CC3/Textures/triangle_pc_Normal_OpenGL.uasset" 2007
"G:/UnrealProjects/GhostsVsThieves/GhostsVsThieves/Content/Fab/Sci-fi_Computer_CC3/Textures/triangle_pc_Normal_OpenGL.uexp" 2008
"G:/UnrealProjects/GhostsVsThieves/GhostsVsThieves/Content/Fab/Sci-fi_Computer_CC3/Materials/triangle_pc.uasset" 2009
"G:/UnrealProjects/GhostsVsThieves/GhostsVsThieves/Content/Fab/Sci-fi_Computer_CC3/Materials/triangle_pc.uexp" 2010
"G:/UnrealProjects/GhostsVsThieves/GhostsVsThieves/Content/Fab/Sci-fi_Computer_CC3/triangle_pc1.ubulk" 2011
"G:/UnrealProjects/GhostsVsThieves/GhostsVsThieves/Content/Fab/Sci-fi_Computer_CC3/triangle_pc1.uasset" 2012
"G:/UnrealProjects/GhostsVsThieves/GhostsVsThieves/Content/Fab/Sci-fi_Computer_CC3/triangle_pc1.uexp" 2013
"G:/UnrealProjects/GhostsVsThieves/GhostsVsThieves/Content/Art/Tempimages/Lockpick.uasset" 2014
"G:/UnrealProjects/GhostsVsThieves/GhostsVsThieves/Content/Art/Tempimages/Lockpick.uexp" 2015
"G:/UnrealProjects/GhostsVsThieves/GhostsVsThieves/Content/Audio/SFX/freesound_community-glass-break-2-80964.ubulk" 2016
"G:/UnrealProjects/GhostsVsThieves/GhostsVsThieves/Content/Audio/SFX/freesound_community-glass-break-2-80964.uasset" 2017
"G:/UnrealProjects/GhostsVsThieves/GhostsVsThieves/Content/Audio/SFX/freesound_community-glass-break-2-80964.uexp" 2018
"G:/UnrealProjects/GhostsVsThieves/GhostsVsThieves/Content/Blueprints/Equipment/Lockpick/BP_Item_Lockpick.uasset" 2019
"G:/UnrealProjects/GhostsVsThieves/GhostsVsThieves/Content/Blueprints/Equipment/Lockpick/BP_Item_Lockpick.uexp" 2020
"G:/UnrealProjects/GhostsVsThieves/GhostsVsThieves/Content/Audio/SFX/LightSwitch.ubulk" 2021
"G:/UnrealProjects/GhostsVsThieves/GhostsVsThieves/Content/Audio/SFX/LightSwitch.uasset" 2022
"G:/UnrealProjects/GhostsVsThieves/GhostsVsThieves/Content/Audio/SFX/LightSwitch.uexp" 2023
"G:/UnrealProjects/GhostsVsThieves/GhostsVsThieves/Content/Fab/Flashlight/flashligh_texture_0.ubulk" 2024
"G:/UnrealProjects/GhostsVsThieves/GhostsVsThieves/Content/Fab/Flashlight/flashligh_texture_0.uasset" 2025
"G:/UnrealProjects/GhostsVsThieves/GhostsVsThieves/Content/Fab/Flashlight/flashligh_texture_0.uexp" 2026
"G:/UnrealProjects/GhostsVsThieves/GhostsVsThieves/Content/Fab/Flashlight/flashligh_texture_1.ubulk" 2027
"G:/UnrealProjects/GhostsVsThieves/GhostsVsThieves/Content/Fab/Flashlight/flashligh_texture_1.uasset" 2028
"G:/UnrealProjects/GhostsVsThieves/GhostsVsThieves/Content/Fab/Flashlight/flashligh_texture_1.uexp" 2029
"G:/UnrealProjects/GhostsVsThieves/GhostsVsThieves/Content/Fab/Flashlight/flashligh_texture_2.ubulk" 2030
"G:/UnrealProjects/GhostsVsThieves/GhostsVsThieves/Content/Fab/Flashlight/flashligh_texture_2.uasset" 2031
"G:/UnrealProjects/GhostsVsThieves/GhostsVsThieves/Content/Fab/Flashlight/flashligh_texture_2.uexp" 2032
"G:/UnrealProjects/GhostsVsThieves/GhostsVsThieves/Content/Fab/Flashlight/DefaultMaterial.uasset" 2033
"G:/UnrealProjects/GhostsVsThieves/GhostsVsThieves/Content/Fab/Flashlight/DefaultMaterial.uexp" 2034
"G:/UnrealProjects/GhostsVsThieves/GhostsVsThieves/Content/Fab/Flashlight/flashligh.ubulk" 2035
"G:/UnrealProjects/GhostsVsThieves/GhostsVsThieves/Content/Fab/Flashlight/flashligh.uasset" 2036
"G:/UnrealProjects/GhostsVsThieves/GhostsVsThieves/Content/Fab/Flashlight/flashligh.uexp" 2037
"G:/UnrealProjects/GhostsVsThieves/GhostsVsThieves/Content/Art/Tempimages/Flashlight.uasset" 2038
"G:/UnrealProjects/GhostsVsThieves/GhostsVsThieves/Content/Art/Tempimages/Flashlight.uexp" 2039
"G:/UnrealProjects/GhostsVsThieves/GhostsVsThieves/Content/Blueprints/Equipment/Flashlight/BP_Item_Flashlight.uasset" 2040
"G:/UnrealProjects/GhostsVsThieves/GhostsVsThieves/Content/Blueprints/Equipment/Flashlight/BP_Item_Flashlight.uexp" 2041
"G:/UnrealProjects/GhostsVsThieves/GhostsVsThieves/Content/Fab/BUILDINGS/VOL6_ElectricalBoxes/Textures/TX_Dust_01a_M.ubulk" 2042
"G:/UnrealProjects/GhostsVsThieves/GhostsVsThieves/Content/Fab/BUILDINGS/VOL6_ElectricalBoxes/Textures/TX_Dust_01a_M.uasset" 2043
"G:/UnrealProjects/GhostsVsThieves/GhostsVsThieves/Content/Fab/BUILDINGS/VOL6_ElectricalBoxes/Textures/TX_Dust_01a_M.uexp" 2044
"../../../Engine/Content/EngineMaterials/BlendFunc_DefBlend.uasset" 2045
"../../../Engine/Content/EngineMaterials/BlendFunc_DefBlend.uexp" 2046
"G:/UnrealProjects/GhostsVsThieves/GhostsVsThieves/Content/Fab/BUILDINGS/VOL6_ElectricalBoxes/Textures/TX_Fill_01_NRM.ubulk" 2047
"G:/UnrealProjects/GhostsVsThieves/GhostsVsThieves/Content/Fab/BUILDINGS/VOL6_ElectricalBoxes/Textures/TX_Fill_01_NRM.uasset" 2048
"G:/UnrealProjects/GhostsVsThieves/GhostsVsThieves/Content/Fab/BUILDINGS/VOL6_ElectricalBoxes/Textures/TX_Fill_01_NRM.uexp" 2049
"../../../Engine/Content/EngineMaterials/BlendFunc_DefBase.uasset" 2050
"../../../Engine/Content/EngineMaterials/BlendFunc_DefBase.uexp" 2051
"../../../Engine/Content/Functions/Engine_MaterialFunctions03/Blends/Blend_Overlay.uasset" 2052
"../../../Engine/Content/Functions/Engine_MaterialFunctions03/Blends/Blend_Overlay.uexp" 2053
"G:/UnrealProjects/GhostsVsThieves/GhostsVsThieves/Content/Fab/BUILDINGS/VOL6_ElectricalBoxes/Textures/TX_Fill_01_ALB.ubulk" 2054
"G:/UnrealProjects/GhostsVsThieves/GhostsVsThieves/Content/Fab/BUILDINGS/VOL6_ElectricalBoxes/Textures/TX_Fill_01_ALB.uasset" 2055
"G:/UnrealProjects/GhostsVsThieves/GhostsVsThieves/Content/Fab/BUILDINGS/VOL6_ElectricalBoxes/Textures/TX_Fill_01_ALB.uexp" 2056
"G:/UnrealProjects/GhostsVsThieves/GhostsVsThieves/Content/Fab/BUILDINGS/VOL6_ElectricalBoxes/Materials/MF_SplictComponentsPlusAlpha.uasset" 2057
"G:/UnrealProjects/GhostsVsThieves/GhostsVsThieves/Content/Fab/BUILDINGS/VOL6_ElectricalBoxes/Materials/MF_SplictComponentsPlusAlpha.uexp" 2058
"../../../Engine/Content/Functions/Engine_MaterialFunctions02/Math/CreateThirdOrthogonalVector.uasset" 2059
"../../../Engine/Content/Functions/Engine_MaterialFunctions02/Math/CreateThirdOrthogonalVector.uexp" 2060
"../../../Engine/Content/Functions/Engine_MaterialFunctions02/Math/InverseTransformMatrix.uasset" 2061
"../../../Engine/Content/Functions/Engine_MaterialFunctions02/Math/InverseTransformMatrix.uexp" 2062
"../../../Engine/Content/Functions/Engine_MaterialFunctions02/Math/TransformToZVector.uasset" 2063
"../../../Engine/Content/Functions/Engine_MaterialFunctions02/Math/TransformToZVector.uexp" 2064
"../../../Engine/Content/EngineVolumetrics/Fogsheet/Materials/T_EV_BlankWhite_01.uasset" 2065
"../../../Engine/Content/EngineVolumetrics/Fogsheet/Materials/T_EV_BlankWhite_01.uexp" 2066
"../../../Engine/Content/Functions/Engine_MaterialFunctions01/Gradient/LinearGradient.uasset" 2067
"../../../Engine/Content/Functions/Engine_MaterialFunctions01/Gradient/LinearGradient.uexp" 2068
"G:/UnrealProjects/GhostsVsThieves/GhostsVsThieves/Content/Fab/BUILDINGS/VOL6_ElectricalBoxes/Materials/MF_Detail_Normal_01a.uasset" 2069
"G:/UnrealProjects/GhostsVsThieves/GhostsVsThieves/Content/Fab/BUILDINGS/VOL6_ElectricalBoxes/Materials/MF_Detail_Normal_01a.uexp" 2070
"../../../Engine/Content/Functions/Engine_MaterialFunctions02/Utility/DitherTemporalAA.uasset" 2071
"../../../Engine/Content/Functions/Engine_MaterialFunctions02/Utility/DitherTemporalAA.uexp" 2072
"../../../Engine/Content/Functions/Engine_MaterialFunctions01/ImageAdjustment/CheapContrast.uasset" 2073
"../../../Engine/Content/Functions/Engine_MaterialFunctions01/ImageAdjustment/CheapContrast.uexp" 2074
"G:/UnrealProjects/GhostsVsThieves/GhostsVsThieves/Content/Fab/BUILDINGS/VOL6_ElectricalBoxes/Textures/TX_Fill_01_RMA.ubulk" 2075
"G:/UnrealProjects/GhostsVsThieves/GhostsVsThieves/Content/Fab/BUILDINGS/VOL6_ElectricalBoxes/Textures/TX_Fill_01_RMA.uasset" 2076
"G:/UnrealProjects/GhostsVsThieves/GhostsVsThieves/Content/Fab/BUILDINGS/VOL6_ElectricalBoxes/Textures/TX_Fill_01_RMA.uexp" 2077
"../../../Engine/Content/Functions/Engine_MaterialFunctions01/Texturing/ParallaxOcclusionMapping.uasset" 2078
"../../../Engine/Content/Functions/Engine_MaterialFunctions01/Texturing/ParallaxOcclusionMapping.uexp" 2079
"../../../Engine/Content/Functions/Engine_MaterialFunctions01/Shading/FuzzyShading.uasset" 2080
"../../../Engine/Content/Functions/Engine_MaterialFunctions01/Shading/FuzzyShading.uexp" 2081
"G:/UnrealProjects/GhostsVsThieves/GhostsVsThieves/Content/Fab/BUILDINGS/VOL6_ElectricalBoxes/Materials/MF_Normal_Intensity_01a.uasset" 2082
"G:/UnrealProjects/GhostsVsThieves/GhostsVsThieves/Content/Fab/BUILDINGS/VOL6_ElectricalBoxes/Materials/MF_Normal_Intensity_01a.uexp" 2083
"G:/UnrealProjects/GhostsVsThieves/GhostsVsThieves/Content/Fab/BUILDINGS/VOL6_ElectricalBoxes/Materials/MF_LampOffset.uasset" 2084
"G:/UnrealProjects/GhostsVsThieves/GhostsVsThieves/Content/Fab/BUILDINGS/VOL6_ElectricalBoxes/Materials/MF_LampOffset.uexp" 2085
"../../../Engine/Content/MapTemplates/Sky/Desert_Outer_HDR.uasset" 2086
"../../../Engine/Content/MapTemplates/Sky/Desert_Outer_HDR.uexp" 2087
"G:/UnrealProjects/GhostsVsThieves/GhostsVsThieves/Content/Fab/BUILDINGS/VOL6_ElectricalBoxes/Materials/MF_Dust_01a.uasset" 2088
"G:/UnrealProjects/GhostsVsThieves/GhostsVsThieves/Content/Fab/BUILDINGS/VOL6_ElectricalBoxes/Materials/MF_Dust_01a.uexp" 2089
"G:/UnrealProjects/GhostsVsThieves/GhostsVsThieves/Content/Fab/BUILDINGS/VOL6_ElectricalBoxes/Materials/MM_MasterMaterial_01a.uasset" 2090
"G:/UnrealProjects/GhostsVsThieves/GhostsVsThieves/Content/Fab/BUILDINGS/VOL6_ElectricalBoxes/Materials/MM_MasterMaterial_01a.uexp" 2091
"G:/UnrealProjects/GhostsVsThieves/GhostsVsThieves/Content/Fab/BUILDINGS/VOL6_ElectricalBoxes/Textures/TX_Power_Boxes_NN_02a_RMA.ubulk" 2092
"G:/UnrealProjects/GhostsVsThieves/GhostsVsThieves/Content/Fab/BUILDINGS/VOL6_ElectricalBoxes/Textures/TX_Power_Boxes_NN_02a_RMA.uasset" 2093
"G:/UnrealProjects/GhostsVsThieves/GhostsVsThieves/Content/Fab/BUILDINGS/VOL6_ElectricalBoxes/Textures/TX_Power_Boxes_NN_02a_RMA.uexp" 2094
"G:/UnrealProjects/GhostsVsThieves/GhostsVsThieves/Content/Fab/BUILDINGS/VOL6_ElectricalBoxes/Textures/TX_Power_Boxes_NN_02a_NRM.ubulk" 2095
"G:/UnrealProjects/GhostsVsThieves/GhostsVsThieves/Content/Fab/BUILDINGS/VOL6_ElectricalBoxes/Textures/TX_Power_Boxes_NN_02a_NRM.uasset" 2096
"G:/UnrealProjects/GhostsVsThieves/GhostsVsThieves/Content/Fab/BUILDINGS/VOL6_ElectricalBoxes/Textures/TX_Power_Boxes_NN_02a_NRM.uexp" 2097
"G:/UnrealProjects/GhostsVsThieves/GhostsVsThieves/Content/Fab/BUILDINGS/VOL6_ElectricalBoxes/Textures/TX_Power_Boxes_NN_02a_ALB.ubulk" 2098
"G:/UnrealProjects/GhostsVsThieves/GhostsVsThieves/Content/Fab/BUILDINGS/VOL6_ElectricalBoxes/Textures/TX_Power_Boxes_NN_02a_ALB.uasset" 2099
"G:/UnrealProjects/GhostsVsThieves/GhostsVsThieves/Content/Fab/BUILDINGS/VOL6_ElectricalBoxes/Textures/TX_Power_Boxes_NN_02a_ALB.uexp" 2100
"G:/UnrealProjects/GhostsVsThieves/GhostsVsThieves/Content/Fab/BUILDINGS/VOL6_ElectricalBoxes/Textures/TX_Power_Boxes_NN_02a_M.ubulk" 2101
"G:/UnrealProjects/GhostsVsThieves/GhostsVsThieves/Content/Fab/BUILDINGS/VOL6_ElectricalBoxes/Textures/TX_Power_Boxes_NN_02a_M.uasset" 2102
"G:/UnrealProjects/GhostsVsThieves/GhostsVsThieves/Content/Fab/BUILDINGS/VOL6_ElectricalBoxes/Textures/TX_Power_Boxes_NN_02a_M.uexp" 2103
"G:/UnrealProjects/GhostsVsThieves/GhostsVsThieves/Content/Fab/BUILDINGS/VOL6_ElectricalBoxes/Materials/MI_Power_Boxes_NN_02a.uasset" 2104
"G:/UnrealProjects/GhostsVsThieves/GhostsVsThieves/Content/Fab/BUILDINGS/VOL6_ElectricalBoxes/Materials/MI_Power_Boxes_NN_02a.uexp" 2105
"G:/UnrealProjects/GhostsVsThieves/GhostsVsThieves/Content/Fab/BUILDINGS/VOL6_ElectricalBoxes/Meshes/NN/SM_Power_Boxes_NN_02w.ubulk" 2106
"G:/UnrealProjects/GhostsVsThieves/GhostsVsThieves/Content/Fab/BUILDINGS/VOL6_ElectricalBoxes/Meshes/NN/SM_Power_Boxes_NN_02w.uasset" 2107
"G:/UnrealProjects/GhostsVsThieves/GhostsVsThieves/Content/Fab/BUILDINGS/VOL6_ElectricalBoxes/Meshes/NN/SM_Power_Boxes_NN_02w.uexp" 2108
"G:/UnrealProjects/GhostsVsThieves/GhostsVsThieves/Content/Blueprints/Vehicle/BP_GvTVanInventory.uasset" 2109
"G:/UnrealProjects/GhostsVsThieves/GhostsVsThieves/Content/Blueprints/Vehicle/BP_GvTVanInventory.uexp" 2110
"G:/UnrealProjects/GhostsVsThieves/GhostsVsThieves/Content/Fab/BUILDINGS/VOL6_ElectricalBoxes/Textures/TX_Power_Boxes_02a_NRM.ubulk" 2111
"G:/UnrealProjects/GhostsVsThieves/GhostsVsThieves/Content/Fab/BUILDINGS/VOL6_ElectricalBoxes/Textures/TX_Power_Boxes_02a_NRM.uasset" 2112
"G:/UnrealProjects/GhostsVsThieves/GhostsVsThieves/Content/Fab/BUILDINGS/VOL6_ElectricalBoxes/Textures/TX_Power_Boxes_02a_NRM.uexp" 2113
"G:/UnrealProjects/GhostsVsThieves/GhostsVsThieves/Content/Fab/BUILDINGS/VOL6_ElectricalBoxes/Textures/TX_Power_Boxes_02a_M.ubulk" 2114
"G:/UnrealProjects/GhostsVsThieves/GhostsVsThieves/Content/Fab/BUILDINGS/VOL6_ElectricalBoxes/Textures/TX_Power_Boxes_02a_M.uasset" 2115
"G:/UnrealProjects/GhostsVsThieves/GhostsVsThieves/Content/Fab/BUILDINGS/VOL6_ElectricalBoxes/Textures/TX_Power_Boxes_02a_M.uexp" 2116
"G:/UnrealProjects/GhostsVsThieves/GhostsVsThieves/Content/Fab/BUILDINGS/VOL6_ElectricalBoxes/Textures/TX_Power_Boxes_02a_ALB.uasset" 2117
"G:/UnrealProjects/GhostsVsThieves/GhostsVsThieves/Content/Fab/BUILDINGS/VOL6_ElectricalBoxes/Textures/TX_Power_Boxes_02a_ALB.uexp" 2118
"G:/UnrealProjects/GhostsVsThieves/GhostsVsThieves/Content/Fab/BUILDINGS/VOL6_ElectricalBoxes/Textures/TX_Power_Boxes_02a_RMA.ubulk" 2119
"G:/UnrealProjects/GhostsVsThieves/GhostsVsThieves/Content/Fab/BUILDINGS/VOL6_ElectricalBoxes/Textures/TX_Power_Boxes_02a_RMA.uasset" 2120
"G:/UnrealProjects/GhostsVsThieves/GhostsVsThieves/Content/Fab/BUILDINGS/VOL6_ElectricalBoxes/Textures/TX_Power_Boxes_02a_RMA.uexp" 2121
"G:/UnrealProjects/GhostsVsThieves/GhostsVsThieves/Content/Fab/BUILDINGS/VOL6_ElectricalBoxes/Materials/MI_Power_Boxes_02a.uasset" 2122
"G:/UnrealProjects/GhostsVsThieves/GhostsVsThieves/Content/Fab/BUILDINGS/VOL6_ElectricalBoxes/Materials/MI_Power_Boxes_02a.uexp" 2123
"G:/UnrealProjects/GhostsVsThieves/GhostsVsThieves/Content/Fab/BUILDINGS/VOL6_ElectricalBoxes/Meshes/LP/SM_Power_Boxes_02v.ubulk" 2124
"G:/UnrealProjects/GhostsVsThieves/GhostsVsThieves/Content/Fab/BUILDINGS/VOL6_ElectricalBoxes/Meshes/LP/SM_Power_Boxes_02v.uasset" 2125
"G:/UnrealProjects/GhostsVsThieves/GhostsVsThieves/Content/Fab/BUILDINGS/VOL6_ElectricalBoxes/Meshes/LP/SM_Power_Boxes_02v.uexp" 2126
"G:/UnrealProjects/GhostsVsThieves/GhostsVsThieves/Content/Blueprints/Vehicle/BP_GvTReconDeposit.uasset" 2127
"G:/UnrealProjects/GhostsVsThieves/GhostsVsThieves/Content/Blueprints/Vehicle/BP_GvTReconDeposit.uexp" 2128
"G:/UnrealProjects/GhostsVsThieves/GhostsVsThieves/Content/Blueprints/Vehicle/BP_GvTExtractionVehicle.uasset" 2129
"G:/UnrealProjects/GhostsVsThieves/GhostsVsThieves/Content/Blueprints/Vehicle/BP_GvTExtractionVehicle.uexp" 2130
"G:/UnrealProjects/GhostsVsThieves/GhostsVsThieves/Content/Fab/HorrorPaintVol32/Textures/T_Base_N.ubulk" 2131
"G:/UnrealProjects/GhostsVsThieves/GhostsVsThieves/Content/Fab/HorrorPaintVol32/Textures/T_Base_N.uasset" 2132
"G:/UnrealProjects/GhostsVsThieves/GhostsVsThieves/Content/Fab/HorrorPaintVol32/Textures/T_Base_N.uexp" 2133
"G:/UnrealProjects/GhostsVsThieves/GhostsVsThieves/Content/Fab/HorrorPaintVol32/Textures/T_Wood_02_R.ubulk" 2134
"G:/UnrealProjects/GhostsVsThieves/GhostsVsThieves/Content/Fab/HorrorPaintVol32/Textures/T_Wood_02_R.uasset" 2135
"G:/UnrealProjects/GhostsVsThieves/GhostsVsThieves/Content/Fab/HorrorPaintVol32/Textures/T_Wood_02_R.uexp" 2136
"G:/UnrealProjects/GhostsVsThieves/GhostsVsThieves/Content/Fab/HorrorPaintVol32/Textures/T_Wood_02_N.ubulk" 2137
"G:/UnrealProjects/GhostsVsThieves/GhostsVsThieves/Content/Fab/HorrorPaintVol32/Textures/T_Wood_02_N.uasset" 2138
"G:/UnrealProjects/GhostsVsThieves/GhostsVsThieves/Content/Fab/HorrorPaintVol32/Textures/T_Wood_02_N.uexp" 2139
"../../../Engine/Content/Functions/Engine_MaterialFunctions01/Texturing/DetailTexturing.uasset" 2140
"../../../Engine/Content/Functions/Engine_MaterialFunctions01/Texturing/DetailTexturing.uexp" 2141
"G:/UnrealProjects/GhostsVsThieves/GhostsVsThieves/Content/Fab/HorrorPaintVol32/Textures/T_Base_D.ubulk" 2142
"G:/UnrealProjects/GhostsVsThieves/GhostsVsThieves/Content/Fab/HorrorPaintVol32/Textures/T_Base_D.uasset" 2143
"G:/UnrealProjects/GhostsVsThieves/GhostsVsThieves/Content/Fab/HorrorPaintVol32/Textures/T_Base_D.uexp" 2144
"G:/UnrealProjects/GhostsVsThieves/GhostsVsThieves/Content/Fab/HorrorPaintVol32/Textures/T_Base_R.ubulk" 2145
"G:/UnrealProjects/GhostsVsThieves/GhostsVsThieves/Content/Fab/HorrorPaintVol32/Textures/T_Base_R.uasset" 2146
"G:/UnrealProjects/GhostsVsThieves/GhostsVsThieves/Content/Fab/HorrorPaintVol32/Textures/T_Base_R.uexp" 2147
"../../../Engine/Content/Functions/Engine_MaterialFunctions02/Math/MultiplyAdd.uasset" 2148
"../../../Engine/Content/Functions/Engine_MaterialFunctions02/Math/MultiplyAdd.uexp" 2149
"G:/UnrealProjects/GhostsVsThieves/GhostsVsThieves/Content/Fab/HorrorPaintVol32/Materials/M_Base_01.uasset" 2150
"G:/UnrealProjects/GhostsVsThieves/GhostsVsThieves/Content/Fab/HorrorPaintVol32/Materials/M_Base_01.uexp" 2151
"G:/UnrealProjects/GhostsVsThieves/GhostsVsThieves/Content/Fab/HorrorPaintVol32/Textures/T_Wood_02_D.ubulk" 2152
"G:/UnrealProjects/GhostsVsThieves/GhostsVsThieves/Content/Fab/HorrorPaintVol32/Textures/T_Wood_02_D.uasset" 2153
"G:/UnrealProjects/GhostsVsThieves/GhostsVsThieves/Content/Fab/HorrorPaintVol32/Textures/T_Wood_02_D.uexp" 2154
"G:/UnrealProjects/GhostsVsThieves/GhostsVsThieves/Content/Fab/HorrorPaintVol32/Materials/Inst_Photo_Frame.uasset" 2155
"G:/UnrealProjects/GhostsVsThieves/GhostsVsThieves/Content/Fab/HorrorPaintVol32/Materials/Inst_Photo_Frame.uexp" 2156
"G:/UnrealProjects/GhostsVsThieves/GhostsVsThieves/Content/Fab/HorrorPaintVol32/Materials/M_Photo_Base.uasset" 2157
"G:/UnrealProjects/GhostsVsThieves/GhostsVsThieves/Content/Fab/HorrorPaintVol32/Materials/M_Photo_Base.uexp" 2158
"G:/UnrealProjects/GhostsVsThieves/GhostsVsThieves/Content/Fab/HorrorPaintVol32/Textures/T_Photo_01_D.ubulk" 2159
"G:/UnrealProjects/GhostsVsThieves/GhostsVsThieves/Content/Fab/HorrorPaintVol32/Textures/T_Photo_01_D.uasset" 2160
"G:/UnrealProjects/GhostsVsThieves/GhostsVsThieves/Content/Fab/HorrorPaintVol32/Textures/T_Photo_01_D.uexp" 2161
"G:/UnrealProjects/GhostsVsThieves/GhostsVsThieves/Content/Fab/HorrorPaintVol32/Materials/Inst_Photo_01.uasset" 2162
"G:/UnrealProjects/GhostsVsThieves/GhostsVsThieves/Content/Fab/HorrorPaintVol32/Materials/Inst_Photo_01.uexp" 2163
"G:/UnrealProjects/GhostsVsThieves/GhostsVsThieves/Content/Fab/HorrorPaintVol32/Meshes/SM_Photo_01.ubulk" 2164
"G:/UnrealProjects/GhostsVsThieves/GhostsVsThieves/Content/Fab/HorrorPaintVol32/Meshes/SM_Photo_01.uasset" 2165
"G:/UnrealProjects/GhostsVsThieves/GhostsVsThieves/Content/Fab/HorrorPaintVol32/Meshes/SM_Photo_01.uexp" 2166
"G:/UnrealProjects/GhostsVsThieves/GhostsVsThieves/Content/Audio/SFX/PaintingDrop.ubulk" 2167
"G:/UnrealProjects/GhostsVsThieves/GhostsVsThieves/Content/Audio/SFX/PaintingDrop.uasset" 2168
"G:/UnrealProjects/GhostsVsThieves/GhostsVsThieves/Content/Audio/SFX/PaintingDrop.uexp" 2169
"G:/UnrealProjects/GhostsVsThieves/GhostsVsThieves/Content/Fab/HorrorPaintVol32/Textures/T_Photo_03_D.ubulk" 2170
"G:/UnrealProjects/GhostsVsThieves/GhostsVsThieves/Content/Fab/HorrorPaintVol32/Textures/T_Photo_03_D.uasset" 2171
"G:/UnrealProjects/GhostsVsThieves/GhostsVsThieves/Content/Fab/HorrorPaintVol32/Textures/T_Photo_03_D.uexp" 2172
"G:/UnrealProjects/GhostsVsThieves/GhostsVsThieves/Content/Fab/HorrorPaintVol32/Materials/Inst_Photo_03.uasset" 2173
"G:/UnrealProjects/GhostsVsThieves/GhostsVsThieves/Content/Fab/HorrorPaintVol32/Materials/Inst_Photo_03.uexp" 2174
"G:/UnrealProjects/GhostsVsThieves/GhostsVsThieves/Content/Fab/HorrorPaintVol32/Meshes/SM_Photo_03.ubulk" 2175
"G:/UnrealProjects/GhostsVsThieves/GhostsVsThieves/Content/Fab/HorrorPaintVol32/Meshes/SM_Photo_03.uasset" 2176
"G:/UnrealProjects/GhostsVsThieves/GhostsVsThieves/Content/Fab/HorrorPaintVol32/Meshes/SM_Photo_03.uexp" 2177
"G:/UnrealProjects/GhostsVsThieves/GhostsVsThieves/Content/Fab/HorrorPaintVol32/Textures/T_Photo_02_D.ubulk" 2178
"G:/UnrealProjects/GhostsVsThieves/GhostsVsThieves/Content/Fab/HorrorPaintVol32/Textures/T_Photo_02_D.uasset" 2179
"G:/UnrealProjects/GhostsVsThieves/GhostsVsThieves/Content/Fab/HorrorPaintVol32/Textures/T_Photo_02_D.uexp" 2180
"G:/UnrealProjects/GhostsVsThieves/GhostsVsThieves/Content/Fab/HorrorPaintVol32/Materials/Inst_Photo_02.uasset" 2181
"G:/UnrealProjects/GhostsVsThieves/GhostsVsThieves/Content/Fab/HorrorPaintVol32/Materials/Inst_Photo_02.uexp" 2182
"G:/UnrealProjects/GhostsVsThieves/GhostsVsThieves/Content/Fab/HorrorPaintVol32/Meshes/SM_Photo_02.ubulk" 2183
"G:/UnrealProjects/GhostsVsThieves/GhostsVsThieves/Content/Fab/HorrorPaintVol32/Meshes/SM_Photo_02.uasset" 2184
"G:/UnrealProjects/GhostsVsThieves/GhostsVsThieves/Content/Fab/HorrorPaintVol32/Meshes/SM_Photo_02.uexp" 2185
"G:/UnrealProjects/GhostsVsThieves/GhostsVsThieves/Content/Audio/SFX/PaintingPickup.ubulk" 2186
"G:/UnrealProjects/GhostsVsThieves/GhostsVsThieves/Content/Audio/SFX/PaintingPickup.uasset" 2187
"G:/UnrealProjects/GhostsVsThieves/GhostsVsThieves/Content/Audio/SFX/PaintingPickup.uexp" 2188
"G:/UnrealProjects/GhostsVsThieves/GhostsVsThieves/Content/Blueprints/Items/BP_Item_Painting.uasset" 2189
"G:/UnrealProjects/GhostsVsThieves/GhostsVsThieves/Content/Blueprints/Items/BP_Item_Painting.uexp" 2190
"G:/UnrealProjects/GhostsVsThieves/GhostsVsThieves/Content/Art/RT_Mirror_01.uasset" 2191
"G:/UnrealProjects/GhostsVsThieves/GhostsVsThieves/Content/Art/RT_Mirror_01.uexp" 2192
"G:/UnrealProjects/GhostsVsThieves/GhostsVsThieves/Content/Art/Materials/M_MirrorCapture.uasset" 2193
"G:/UnrealProjects/GhostsVsThieves/GhostsVsThieves/Content/Art/Materials/M_MirrorCapture.uexp" 2194
"G:/UnrealProjects/GhostsVsThieves/GhostsVsThieves/Content/Art/MaterialInstances/MI_MirrorCapture.uasset" 2195
"G:/UnrealProjects/GhostsVsThieves/GhostsVsThieves/Content/Art/MaterialInstances/MI_MirrorCapture.uexp" 2196
"G:/UnrealProjects/GhostsVsThieves/GhostsVsThieves/Content/Fab/Free_Ghost_/texture_pbr_20250901_metallic-texture_pbr_20250901_roughness.ubulk" 2197
"G:/UnrealProjects/GhostsVsThieves/GhostsVsThieves/Content/Fab/Free_Ghost_/texture_pbr_20250901_metallic-texture_pbr_20250901_roughness.uasset" 2198
"G:/UnrealProjects/GhostsVsThieves/GhostsVsThieves/Content/Fab/Free_Ghost_/texture_pbr_20250901_metallic-texture_pbr_20250901_roughness.uexp" 2199
"G:/UnrealProjects/GhostsVsThieves/GhostsVsThieves/Content/Fab/Free_Ghost_/texture_pbr_20250901_normal.ubulk" 2200
"G:/UnrealProjects/GhostsVsThieves/GhostsVsThieves/Content/Fab/Free_Ghost_/texture_pbr_20250901_normal.uasset" 2201
"G:/UnrealProjects/GhostsVsThieves/GhostsVsThieves/Content/Fab/Free_Ghost_/texture_pbr_20250901_normal.uexp" 2202
"G:/UnrealProjects/GhostsVsThieves/GhostsVsThieves/Content/Fab/Free_Ghost_/texture_pbr_20250901.ubulk" 2203
"G:/UnrealProjects/GhostsVsThieves/GhostsVsThieves/Content/Fab/Free_Ghost_/texture_pbr_20250901.uasset" 2204
"G:/UnrealProjects/GhostsVsThieves/GhostsVsThieves/Content/Fab/Free_Ghost_/texture_pbr_20250901.uexp" 2205
"G:/UnrealProjects/GhostsVsThieves/GhostsVsThieves/Content/Fab/Free_Ghost_/Material_001.uasset" 2206
"G:/UnrealProjects/GhostsVsThieves/GhostsVsThieves/Content/Fab/Free_Ghost_/Material_001.uexp" 2207
"G:/UnrealProjects/GhostsVsThieves/GhostsVsThieves/Content/Fab/Free_Ghost_/free_ghost.ubulk" 2208
"G:/UnrealProjects/GhostsVsThieves/GhostsVsThieves/Content/Fab/Free_Ghost_/free_ghost.uasset" 2209
"G:/UnrealProjects/GhostsVsThieves/GhostsVsThieves/Content/Fab/Free_Ghost_/free_ghost.uexp" 2210
"G:/UnrealProjects/GhostsVsThieves/GhostsVsThieves/Content/Art/Materials/M_Ghost_Master.uasset" 2211
"G:/UnrealProjects/GhostsVsThieves/GhostsVsThieves/Content/Art/Materials/M_Ghost_Master.uexp" 2212
"G:/UnrealProjects/GhostsVsThieves/GhostsVsThieves/Content/Characters/Ghosts/Mirror/BP_GvTReflectGhost.uasset" 2213
"G:/UnrealProjects/GhostsVsThieves/GhostsVsThieves/Content/Characters/Ghosts/Mirror/BP_GvTReflectGhost.uexp" 2214
"G:/UnrealProjects/GhostsVsThieves/GhostsVsThieves/Content/Audio/SFX/VocalJumpscare.ubulk" 2215
"G:/UnrealProjects/GhostsVsThieves/GhostsVsThieves/Content/Audio/SFX/VocalJumpscare.uasset" 2216
"G:/UnrealProjects/GhostsVsThieves/GhostsVsThieves/Content/Audio/SFX/VocalJumpscare.uexp" 2217
"G:/UnrealProjects/GhostsVsThieves/GhostsVsThieves/Content/Audio/SFX/GhostMoan.ubulk" 2218
"G:/UnrealProjects/GhostsVsThieves/GhostsVsThieves/Content/Audio/SFX/GhostMoan.uasset" 2219
"G:/UnrealProjects/GhostsVsThieves/GhostsVsThieves/Content/Audio/SFX/GhostMoan.uexp" 2220
"G:/UnrealProjects/GhostsVsThieves/GhostsVsThieves/Content/Characters/Ghosts/Mirror/BP_GvTMirrorActor.uasset" 2221
"G:/UnrealProjects/GhostsVsThieves/GhostsVsThieves/Content/Characters/Ghosts/Mirror/BP_GvTMirrorActor.uexp" 2222
"G:/UnrealProjects/GhostsVsThieves/GhostsVsThieves/Content/Fab/Switch_Box_Game_Model/Textures/DefaultMaterial_normal.ubulk" 2223
"G:/UnrealProjects/GhostsVsThieves/GhostsVsThieves/Content/Fab/Switch_Box_Game_Model/Textures/DefaultMaterial_normal.uasset" 2224
"G:/UnrealProjects/GhostsVsThieves/GhostsVsThieves/Content/Fab/Switch_Box_Game_Model/Textures/DefaultMaterial_normal.uexp" 2225
"G:/UnrealProjects/GhostsVsThieves/GhostsVsThieves/Content/Fab/Switch_Box_Game_Model/Textures/DefaultMaterial_metallic.ubulk" 2226
"G:/UnrealProjects/GhostsVsThieves/GhostsVsThieves/Content/Fab/Switch_Box_Game_Model/Textures/DefaultMaterial_metallic.uasset" 2227
"G:/UnrealProjects/GhostsVsThieves/GhostsVsThieves/Content/Fab/Switch_Box_Game_Model/Textures/DefaultMaterial_metallic.uexp" 2228
"G:/UnrealProjects/GhostsVsThieves/GhostsVsThieves/Content/Fab/Switch_Box_Game_Model/Textures/DefaultMaterial_roughness.ubulk" 2229
"G:/UnrealProjects/GhostsVsThieves/GhostsVsThieves/Content/Fab/Switch_Box_Game_Model/Textures/DefaultMaterial_roughness.uasset" 2230
"G:/UnrealProjects/GhostsVsThieves/GhostsVsThieves/Content/Fab/Switch_Box_Game_Model/Textures/DefaultMaterial_roughness.uexp" 2231
"G:/UnrealProjects/GhostsVsThieves/GhostsVsThieves/Content/Fab/Switch_Box_Game_Model/Textures/DefaultMaterial_AO.ubulk" 2232
"G:/UnrealProjects/GhostsVsThieves/GhostsVsThieves/Content/Fab/Switch_Box_Game_Model/Textures/DefaultMaterial_AO.uasset" 2233
"G:/UnrealProjects/GhostsVsThieves/GhostsVsThieves/Content/Fab/Switch_Box_Game_Model/Textures/DefaultMaterial_AO.uexp" 2234
"G:/UnrealProjects/GhostsVsThieves/GhostsVsThieves/Content/Fab/Switch_Box_Game_Model/Textures/DefaultMaterial_albedo.ubulk" 2235
"G:/UnrealProjects/GhostsVsThieves/GhostsVsThieves/Content/Fab/Switch_Box_Game_Model/Textures/DefaultMaterial_albedo.uasset" 2236
"G:/UnrealProjects/GhostsVsThieves/GhostsVsThieves/Content/Fab/Switch_Box_Game_Model/Textures/DefaultMaterial_albedo.uexp" 2237
"G:/UnrealProjects/GhostsVsThieves/GhostsVsThieves/Content/Fab/Switch_Box_Game_Model/Textures/DefaultMaterial_emissive.ubulk" 2238
"G:/UnrealProjects/GhostsVsThieves/GhostsVsThieves/Content/Fab/Switch_Box_Game_Model/Textures/DefaultMaterial_emissive.uasset" 2239
"G:/UnrealProjects/GhostsVsThieves/GhostsVsThieves/Content/Fab/Switch_Box_Game_Model/Textures/DefaultMaterial_emissive.uexp" 2240
"G:/UnrealProjects/GhostsVsThieves/GhostsVsThieves/Content/Fab/Switch_Box_Game_Model/Materials/DefaultMaterial.uasset" 2241
"G:/UnrealProjects/GhostsVsThieves/GhostsVsThieves/Content/Fab/Switch_Box_Game_Model/Materials/DefaultMaterial.uexp" 2242
"G:/UnrealProjects/GhostsVsThieves/GhostsVsThieves/Content/Fab/Switch_Box_Game_Model/11.ubulk" 2243
"G:/UnrealProjects/GhostsVsThieves/GhostsVsThieves/Content/Fab/Switch_Box_Game_Model/11.uasset" 2244
"G:/UnrealProjects/GhostsVsThieves/GhostsVsThieves/Content/Fab/Switch_Box_Game_Model/11.uexp" 2245
"G:/UnrealProjects/GhostsVsThieves/GhostsVsThieves/Content/Audio/SFX/BreakerOff.ubulk" 2246
"G:/UnrealProjects/GhostsVsThieves/GhostsVsThieves/Content/Audio/SFX/BreakerOff.uasset" 2247
"G:/UnrealProjects/GhostsVsThieves/GhostsVsThieves/Content/Audio/SFX/BreakerOff.uexp" 2248
"G:/UnrealProjects/GhostsVsThieves/GhostsVsThieves/Content/Audio/Ambience/DeepHums.ubulk" 2249
"G:/UnrealProjects/GhostsVsThieves/GhostsVsThieves/Content/Audio/Ambience/DeepHums.uasset" 2250
"G:/UnrealProjects/GhostsVsThieves/GhostsVsThieves/Content/Audio/Ambience/DeepHums.uexp" 2251
"G:/UnrealProjects/GhostsVsThieves/GhostsVsThieves/Content/Audio/SFX/BreakerBlown.ubulk" 2252
"G:/UnrealProjects/GhostsVsThieves/GhostsVsThieves/Content/Audio/SFX/BreakerBlown.uasset" 2253
"G:/UnrealProjects/GhostsVsThieves/GhostsVsThieves/Content/Audio/SFX/BreakerBlown.uexp" 2254
"G:/UnrealProjects/GhostsVsThieves/GhostsVsThieves/Content/Audio/SoundAttenuation/SA_Generator_Local.uasset" 2255
"G:/UnrealProjects/GhostsVsThieves/GhostsVsThieves/Content/Audio/SoundAttenuation/SA_Generator_Local.uexp" 2256
"G:/UnrealProjects/GhostsVsThieves/GhostsVsThieves/Content/Audio/SFX/BreakerOn.ubulk" 2257
"G:/UnrealProjects/GhostsVsThieves/GhostsVsThieves/Content/Audio/SFX/BreakerOn.uasset" 2258
"G:/UnrealProjects/GhostsVsThieves/GhostsVsThieves/Content/Audio/SFX/BreakerOn.uexp" 2259
"G:/UnrealProjects/GhostsVsThieves/GhostsVsThieves/Content/Blueprints/Environment/BP_GvTPowerBoxActor.uasset" 2260
"G:/UnrealProjects/GhostsVsThieves/GhostsVsThieves/Content/Blueprints/Environment/BP_GvTPowerBoxActor.uexp" 2261
"G:/UnrealProjects/GhostsVsThieves/GhostsVsThieves/Content/Art/Tempimages/ScaryFace.uasset" 2262
"G:/UnrealProjects/GhostsVsThieves/GhostsVsThieves/Content/Art/Tempimages/ScaryFace.uexp" 2263
"G:/UnrealProjects/GhostsVsThieves/GhostsVsThieves/Content/Art/Materials/M_TV_ScaryFace.uasset" 2264
"G:/UnrealProjects/GhostsVsThieves/GhostsVsThieves/Content/Art/Materials/M_TV_ScaryFace.uexp" 2265
"G:/UnrealProjects/GhostsVsThieves/GhostsVsThieves/Content/Blueprints/Audio/BP_GvTAmbientAudioDirector.uasset" 2266
"G:/UnrealProjects/GhostsVsThieves/GhostsVsThieves/Content/Blueprints/Audio/BP_GvTAmbientAudioDirector.uexp" 2267
"G:/UnrealProjects/GhostsVsThieves/GhostsVsThieves/Content/Blueprints/Scares/BP_GvTHouseVoiceDirector.uasset" 2268
"G:/UnrealProjects/GhostsVsThieves/GhostsVsThieves/Content/Blueprints/Scares/BP_GvTHouseVoiceDirector.uexp" 2269
"G:/UnrealProjects/GhostsVsThieves/GhostsVsThieves/Content/Audio/SFX/I_don_t_Forgive-PhatPhrog.ubulk" 2270
"G:/UnrealProjects/GhostsVsThieves/GhostsVsThieves/Content/Audio/SFX/I_don_t_Forgive-PhatPhrog.uasset" 2271
"G:/UnrealProjects/GhostsVsThieves/GhostsVsThieves/Content/Audio/SFX/I_don_t_Forgive-PhatPhrog.uexp" 2272
"G:/UnrealProjects/GhostsVsThieves/GhostsVsThieves/Content/UnrealBucket/Library/Weapon/Revolver/T_Revolver_Albedo.ubulk" 2273
"G:/UnrealProjects/GhostsVsThieves/GhostsVsThieves/Content/UnrealBucket/Library/Weapon/Revolver/T_Revolver_Albedo.uasset" 2274
"G:/UnrealProjects/GhostsVsThieves/GhostsVsThieves/Content/UnrealBucket/Library/Weapon/Revolver/T_Revolver_Albedo.uexp" 2275
"G:/UnrealProjects/GhostsVsThieves/GhostsVsThieves/Content/UnrealBucket/Library/Weapon/Revolver/T_revolver_Normal.ubulk" 2276
"G:/UnrealProjects/GhostsVsThieves/GhostsVsThieves/Content/UnrealBucket/Library/Weapon/Revolver/T_revolver_Normal.uasset" 2277
"G:/UnrealProjects/GhostsVsThieves/GhostsVsThieves/Content/UnrealBucket/Library/Weapon/Revolver/T_revolver_Normal.uexp" 2278
"G:/UnrealProjects/GhostsVsThieves/GhostsVsThieves/Content/UnrealBucket/Textures/T_1x1_Albedo.uasset" 2279
"G:/UnrealProjects/GhostsVsThieves/GhostsVsThieves/Content/UnrealBucket/Textures/T_1x1_Albedo.uexp" 2280
"G:/UnrealProjects/GhostsVsThieves/GhostsVsThieves/Content/UnrealBucket/Textures/T_1x1_Mask.uasset" 2281
"G:/UnrealProjects/GhostsVsThieves/GhostsVsThieves/Content/UnrealBucket/Textures/T_1x1_Mask.uexp" 2282
"../../../Engine/Content/Functions/Engine_MaterialFunctions02/HueShift.uasset" 2283
"../../../Engine/Content/Functions/Engine_MaterialFunctions02/HueShift.uexp" 2284
"G:/UnrealProjects/GhostsVsThieves/GhostsVsThieves/Content/UnrealBucket/Textures/T_1x1_Normal.uasset" 2285
"G:/UnrealProjects/GhostsVsThieves/GhostsVsThieves/Content/UnrealBucket/Textures/T_1x1_Normal.uexp" 2286
"G:/UnrealProjects/GhostsVsThieves/GhostsVsThieves/Content/UnrealBucket/Materials/M_Master_PBR.uasset" 2287
"G:/UnrealProjects/GhostsVsThieves/GhostsVsThieves/Content/UnrealBucket/Materials/M_Master_PBR.uexp" 2288
"G:/UnrealProjects/GhostsVsThieves/GhostsVsThieves/Content/UnrealBucket/Library/Weapon/Revolver/T_Revolver_Mask.ubulk" 2289
"G:/UnrealProjects/GhostsVsThieves/GhostsVsThieves/Content/UnrealBucket/Library/Weapon/Revolver/T_Revolver_Mask.uasset" 2290
"G:/UnrealProjects/GhostsVsThieves/GhostsVsThieves/Content/UnrealBucket/Library/Weapon/Revolver/T_Revolver_Mask.uexp" 2291
"G:/UnrealProjects/GhostsVsThieves/GhostsVsThieves/Content/UnrealBucket/Library/Weapon/Revolver/MI_Revolver.uasset" 2292
"G:/UnrealProjects/GhostsVsThieves/GhostsVsThieves/Content/UnrealBucket/Library/Weapon/Revolver/MI_Revolver.uexp" 2293
"G:/UnrealProjects/GhostsVsThieves/GhostsVsThieves/Content/UnrealBucket/Library/Weapon/Revolver/SM_Revolver.ubulk" 2294
"G:/UnrealProjects/GhostsVsThieves/GhostsVsThieves/Content/UnrealBucket/Library/Weapon/Revolver/SM_Revolver.uasset" 2295
"G:/UnrealProjects/GhostsVsThieves/GhostsVsThieves/Content/UnrealBucket/Library/Weapon/Revolver/SM_Revolver.uexp" 2296
"G:/UnrealProjects/GhostsVsThieves/GhostsVsThieves/Content/UnrealBucket/Library/Industrial/Anvil/T_Anvil_Mask.ubulk" 2297
"G:/UnrealProjects/GhostsVsThieves/GhostsVsThieves/Content/UnrealBucket/Library/Industrial/Anvil/T_Anvil_Mask.uasset" 2298
"G:/UnrealProjects/GhostsVsThieves/GhostsVsThieves/Content/UnrealBucket/Library/Industrial/Anvil/T_Anvil_Mask.uexp" 2299
"G:/UnrealProjects/GhostsVsThieves/GhostsVsThieves/Content/UnrealBucket/Library/Industrial/Anvil/T_Anvil_Albedo.ubulk" 2300
"G:/UnrealProjects/GhostsVsThieves/GhostsVsThieves/Content/UnrealBucket/Library/Industrial/Anvil/T_Anvil_Albedo.uasset" 2301
"G:/UnrealProjects/GhostsVsThieves/GhostsVsThieves/Content/UnrealBucket/Library/Industrial/Anvil/T_Anvil_Albedo.uexp" 2302
"G:/UnrealProjects/GhostsVsThieves/GhostsVsThieves/Content/UnrealBucket/Library/Industrial/Anvil/T_Anvil_Normal.ubulk" 2303
"G:/UnrealProjects/GhostsVsThieves/GhostsVsThieves/Content/UnrealBucket/Library/Industrial/Anvil/T_Anvil_Normal.uasset" 2304
"G:/UnrealProjects/GhostsVsThieves/GhostsVsThieves/Content/UnrealBucket/Library/Industrial/Anvil/T_Anvil_Normal.uexp" 2305
"G:/UnrealProjects/GhostsVsThieves/GhostsVsThieves/Content/UnrealBucket/Library/Industrial/Anvil/MI_Anvil.uasset" 2306
"G:/UnrealProjects/GhostsVsThieves/GhostsVsThieves/Content/UnrealBucket/Library/Industrial/Anvil/MI_Anvil.uexp" 2307
"G:/UnrealProjects/GhostsVsThieves/GhostsVsThieves/Content/UnrealBucket/Library/Industrial/Anvil/SM_Anvil.ubulk" 2308
"G:/UnrealProjects/GhostsVsThieves/GhostsVsThieves/Content/UnrealBucket/Library/Industrial/Anvil/SM_Anvil.uasset" 2309
"G:/UnrealProjects/GhostsVsThieves/GhostsVsThieves/Content/UnrealBucket/Library/Industrial/Anvil/SM_Anvil.uexp" 2310
"G:/UnrealProjects/GhostsVsThieves/GhostsVsThieves/Content/Audio/SFX/MetalPipe.ubulk" 2311
"G:/UnrealProjects/GhostsVsThieves/GhostsVsThieves/Content/Audio/SFX/MetalPipe.uasset" 2312
"G:/UnrealProjects/GhostsVsThieves/GhostsVsThieves/Content/Audio/SFX/MetalPipe.uexp" 2313
"G:/UnrealProjects/GhostsVsThieves/GhostsVsThieves/Content/Audio/SFX/HardSteelDrop.ubulk" 2314
"G:/UnrealProjects/GhostsVsThieves/GhostsVsThieves/Content/Audio/SFX/HardSteelDrop.uasset" 2315
"G:/UnrealProjects/GhostsVsThieves/GhostsVsThieves/Content/Audio/SFX/HardSteelDrop.uexp" 2316
"G:/UnrealProjects/GhostsVsThieves/GhostsVsThieves/Content/Blueprints/Items/BP_Item_Medium.uasset" 2317
"G:/UnrealProjects/GhostsVsThieves/GhostsVsThieves/Content/Blueprints/Items/BP_Item_Medium.uexp" 2318
"../../../Engine/Content/VREditor/Sounds/VR_ungrab.ubulk" 2319
"../../../Engine/Content/VREditor/Sounds/VR_ungrab.uasset" 2320
"../../../Engine/Content/VREditor/Sounds/VR_ungrab.uexp" 2321
"G:/UnrealProjects/GhostsVsThieves/GhostsVsThieves/Content/Fab/Dragon/Textures/dragon_fbm.ubulk" 2322
"G:/UnrealProjects/GhostsVsThieves/GhostsVsThieves/Content/Fab/Dragon/Textures/dragon_fbm.uasset" 2323
"G:/UnrealProjects/GhostsVsThieves/GhostsVsThieves/Content/Fab/Dragon/Textures/dragon_fbm.uexp" 2324
"G:/UnrealProjects/GhostsVsThieves/GhostsVsThieves/Content/Fab/Dragon/Materials/dragon_fbm.uasset" 2325
"G:/UnrealProjects/GhostsVsThieves/GhostsVsThieves/Content/Fab/Dragon/Materials/dragon_fbm.uexp" 2326
"G:/UnrealProjects/GhostsVsThieves/GhostsVsThieves/Content/Fab/Dragon/dragon.ubulk" 2327
"G:/UnrealProjects/GhostsVsThieves/GhostsVsThieves/Content/Fab/Dragon/dragon.uasset" 2328
"G:/UnrealProjects/GhostsVsThieves/GhostsVsThieves/Content/Fab/Dragon/dragon.uexp" 2329
"G:/UnrealProjects/GhostsVsThieves/GhostsVsThieves/Content/Fab/2_Person_Statue_Scan_MEDPOLY/StatueBAKE__PBR_StoA_Diffuse.ubulk" 2330
"G:/UnrealProjects/GhostsVsThieves/GhostsVsThieves/Content/Fab/2_Person_Statue_Scan_MEDPOLY/StatueBAKE__PBR_StoA_Diffuse.uasset" 2331
"G:/UnrealProjects/GhostsVsThieves/GhostsVsThieves/Content/Fab/2_Person_Statue_Scan_MEDPOLY/StatueBAKE__PBR_StoA_Diffuse.uexp" 2332
"G:/UnrealProjects/GhostsVsThieves/GhostsVsThieves/Content/Fab/2_Person_Statue_Scan_MEDPOLY/Statue.uasset" 2333
"G:/UnrealProjects/GhostsVsThieves/GhostsVsThieves/Content/Fab/2_Person_Statue_Scan_MEDPOLY/Statue.uexp" 2334
"G:/UnrealProjects/GhostsVsThieves/GhostsVsThieves/Content/Fab/2_Person_Statue_Scan_MEDPOLY/statue2person.ubulk" 2335
"G:/UnrealProjects/GhostsVsThieves/GhostsVsThieves/Content/Fab/2_Person_Statue_Scan_MEDPOLY/statue2person.uasset" 2336
"G:/UnrealProjects/GhostsVsThieves/GhostsVsThieves/Content/Fab/2_Person_Statue_Scan_MEDPOLY/statue2person.uexp" 2337
"G:/UnrealProjects/GhostsVsThieves/GhostsVsThieves/Content/Blueprints/Items/BP_Item_Main.uasset" 2338
"G:/UnrealProjects/GhostsVsThieves/GhostsVsThieves/Content/Blueprints/Items/BP_Item_Main.uexp" 2339
"G:/UnrealProjects/GhostsVsThieves/GhostsVsThieves/Content/Audio/SFX/dragon-studio-glass-breaking-504033.ubulk" 2340
"G:/UnrealProjects/GhostsVsThieves/GhostsVsThieves/Content/Audio/SFX/dragon-studio-glass-breaking-504033.uasset" 2341
"G:/UnrealProjects/GhostsVsThieves/GhostsVsThieves/Content/Audio/SFX/dragon-studio-glass-breaking-504033.uexp" 2342
"G:/UnrealProjects/GhostsVsThieves/GhostsVsThieves/Content/UnrealBucket/Library/Various/Presents/T_Paper_Normal.ubulk" 2343
"G:/UnrealProjects/GhostsVsThieves/GhostsVsThieves/Content/UnrealBucket/Library/Various/Presents/T_Paper_Normal.uasset" 2344
"G:/UnrealProjects/GhostsVsThieves/GhostsVsThieves/Content/UnrealBucket/Library/Various/Presents/T_Paper_Normal.uexp" 2345
"G:/UnrealProjects/GhostsVsThieves/GhostsVsThieves/Content/UnrealBucket/Library/Various/Presents/T_Present_01.ubulk" 2346
"G:/UnrealProjects/GhostsVsThieves/GhostsVsThieves/Content/UnrealBucket/Library/Various/Presents/T_Present_01.uasset" 2347
"G:/UnrealProjects/GhostsVsThieves/GhostsVsThieves/Content/UnrealBucket/Library/Various/Presents/T_Present_01.uexp" 2348
"../../../Engine/Content/Functions/Engine_MaterialFunctions01/Texturing/WorldAlignedTexture.uasset" 2349
"../../../Engine/Content/Functions/Engine_MaterialFunctions01/Texturing/WorldAlignedTexture.uexp" 2350
"G:/UnrealProjects/GhostsVsThieves/GhostsVsThieves/Content/UnrealBucket/Library/Various/Presents/M_Present.uasset" 2351
"G:/UnrealProjects/GhostsVsThieves/GhostsVsThieves/Content/UnrealBucket/Library/Various/Presents/M_Present.uexp" 2352
"G:/UnrealProjects/GhostsVsThieves/GhostsVsThieves/Content/UnrealBucket/Library/Various/Presents/MI_Present_C.uasset" 2353
"G:/UnrealProjects/GhostsVsThieves/GhostsVsThieves/Content/UnrealBucket/Library/Various/Presents/MI_Present_C.uexp" 2354
"G:/UnrealProjects/GhostsVsThieves/GhostsVsThieves/Content/UnrealBucket/Library/Various/Presents/SM_Present_C.ubulk" 2355
"G:/UnrealProjects/GhostsVsThieves/GhostsVsThieves/Content/UnrealBucket/Library/Various/Presents/SM_Present_C.uasset" 2356
"G:/UnrealProjects/GhostsVsThieves/GhostsVsThieves/Content/UnrealBucket/Library/Various/Presents/SM_Present_C.uexp" 2357
"G:/UnrealProjects/GhostsVsThieves/GhostsVsThieves/Content/UnrealBucket/Library/Various/Presents/T_Present_03.ubulk" 2358
"G:/UnrealProjects/GhostsVsThieves/GhostsVsThieves/Content/UnrealBucket/Library/Various/Presents/T_Present_03.uasset" 2359
"G:/UnrealProjects/GhostsVsThieves/GhostsVsThieves/Content/UnrealBucket/Library/Various/Presents/T_Present_03.uexp" 2360
"G:/UnrealProjects/GhostsVsThieves/GhostsVsThieves/Content/UnrealBucket/Library/Various/Presents/MI_Present_E.uasset" 2361
"G:/UnrealProjects/GhostsVsThieves/GhostsVsThieves/Content/UnrealBucket/Library/Various/Presents/MI_Present_E.uexp" 2362
"G:/UnrealProjects/GhostsVsThieves/GhostsVsThieves/Content/UnrealBucket/Library/Various/Presents/SM_Present_E.ubulk" 2363
"G:/UnrealProjects/GhostsVsThieves/GhostsVsThieves/Content/UnrealBucket/Library/Various/Presents/SM_Present_E.uasset" 2364
"G:/UnrealProjects/GhostsVsThieves/GhostsVsThieves/Content/UnrealBucket/Library/Various/Presents/SM_Present_E.uexp" 2365
"G:/UnrealProjects/GhostsVsThieves/GhostsVsThieves/Content/UnrealBucket/Library/ArchViz/AntiqueVase/T_AntiqueVase_Albedo.ubulk" 2366
"G:/UnrealProjects/GhostsVsThieves/GhostsVsThieves/Content/UnrealBucket/Library/ArchViz/AntiqueVase/T_AntiqueVase_Albedo.uasset" 2367
"G:/UnrealProjects/GhostsVsThieves/GhostsVsThieves/Content/UnrealBucket/Library/ArchViz/AntiqueVase/T_AntiqueVase_Albedo.uexp" 2368
"G:/UnrealProjects/GhostsVsThieves/GhostsVsThieves/Content/UnrealBucket/Library/ArchViz/AntiqueVase/T_AntiqueVase_Mask.ubulk" 2369
"G:/UnrealProjects/GhostsVsThieves/GhostsVsThieves/Content/UnrealBucket/Library/ArchViz/AntiqueVase/T_AntiqueVase_Mask.uasset" 2370
"G:/UnrealProjects/GhostsVsThieves/GhostsVsThieves/Content/UnrealBucket/Library/ArchViz/AntiqueVase/T_AntiqueVase_Mask.uexp" 2371
"G:/UnrealProjects/GhostsVsThieves/GhostsVsThieves/Content/UnrealBucket/Library/ArchViz/AntiqueVase/MI_AntiqueVase.uasset" 2372
"G:/UnrealProjects/GhostsVsThieves/GhostsVsThieves/Content/UnrealBucket/Library/ArchViz/AntiqueVase/MI_AntiqueVase.uexp" 2373
"G:/UnrealProjects/GhostsVsThieves/GhostsVsThieves/Content/UnrealBucket/Library/ArchViz/AntiqueVase/SM_AntiqueVase.ubulk" 2374
"G:/UnrealProjects/GhostsVsThieves/GhostsVsThieves/Content/UnrealBucket/Library/ArchViz/AntiqueVase/SM_AntiqueVase.uasset" 2375
"G:/UnrealProjects/GhostsVsThieves/GhostsVsThieves/Content/UnrealBucket/Library/ArchViz/AntiqueVase/SM_AntiqueVase.uexp" 2376
"G:/UnrealProjects/GhostsVsThieves/GhostsVsThieves/Content/Audio/SFX/alice_soundz-glass-breaking-224091.ubulk" 2377
"G:/UnrealProjects/GhostsVsThieves/GhostsVsThieves/Content/Audio/SFX/alice_soundz-glass-breaking-224091.uasset" 2378
"G:/UnrealProjects/GhostsVsThieves/GhostsVsThieves/Content/Audio/SFX/alice_soundz-glass-breaking-224091.uexp" 2379
"G:/UnrealProjects/GhostsVsThieves/GhostsVsThieves/Content/UnrealBucket/Library/Various/Presents/T_Present_02.ubulk" 2380
"G:/UnrealProjects/GhostsVsThieves/GhostsVsThieves/Content/UnrealBucket/Library/Various/Presents/T_Present_02.uasset" 2381
"G:/UnrealProjects/GhostsVsThieves/GhostsVsThieves/Content/UnrealBucket/Library/Various/Presents/T_Present_02.uexp" 2382
"G:/UnrealProjects/GhostsVsThieves/GhostsVsThieves/Content/UnrealBucket/Library/Various/Presents/MI_Present_D.uasset" 2383
"G:/UnrealProjects/GhostsVsThieves/GhostsVsThieves/Content/UnrealBucket/Library/Various/Presents/MI_Present_D.uexp" 2384
"G:/UnrealProjects/GhostsVsThieves/GhostsVsThieves/Content/UnrealBucket/Library/Various/Presents/SM_Present_D.ubulk" 2385
"G:/UnrealProjects/GhostsVsThieves/GhostsVsThieves/Content/UnrealBucket/Library/Various/Presents/SM_Present_D.uasset" 2386
"G:/UnrealProjects/GhostsVsThieves/GhostsVsThieves/Content/UnrealBucket/Library/Various/Presents/SM_Present_D.uexp" 2387
"G:/UnrealProjects/GhostsVsThieves/GhostsVsThieves/Content/UnrealBucket/Library/Various/Presents/MI_Present_A.uasset" 2388
"G:/UnrealProjects/GhostsVsThieves/GhostsVsThieves/Content/UnrealBucket/Library/Various/Presents/MI_Present_A.uexp" 2389
"G:/UnrealProjects/GhostsVsThieves/GhostsVsThieves/Content/UnrealBucket/Library/Various/Presents/SM_Present_A.ubulk" 2390
"G:/UnrealProjects/GhostsVsThieves/GhostsVsThieves/Content/UnrealBucket/Library/Various/Presents/SM_Present_A.uasset" 2391
"G:/UnrealProjects/GhostsVsThieves/GhostsVsThieves/Content/UnrealBucket/Library/Various/Presents/SM_Present_A.uexp" 2392
"G:/UnrealProjects/GhostsVsThieves/GhostsVsThieves/Content/UnrealBucket/Library/Various/Presents/MI_Present_B.uasset" 2393
"G:/UnrealProjects/GhostsVsThieves/GhostsVsThieves/Content/UnrealBucket/Library/Various/Presents/MI_Present_B.uexp" 2394
"G:/UnrealProjects/GhostsVsThieves/GhostsVsThieves/Content/UnrealBucket/Library/Various/Presents/SM_Present_B.ubulk" 2395
"G:/UnrealProjects/GhostsVsThieves/GhostsVsThieves/Content/UnrealBucket/Library/Various/Presents/SM_Present_B.uasset" 2396
"G:/UnrealProjects/GhostsVsThieves/GhostsVsThieves/Content/UnrealBucket/Library/Various/Presents/SM_Present_B.uexp" 2397
"G:/UnrealProjects/GhostsVsThieves/GhostsVsThieves/Content/Audio/SFX/SmallObjectPickup.ubulk" 2398
"G:/UnrealProjects/GhostsVsThieves/GhostsVsThieves/Content/Audio/SFX/SmallObjectPickup.uasset" 2399
"G:/UnrealProjects/GhostsVsThieves/GhostsVsThieves/Content/Audio/SFX/SmallObjectPickup.uexp" 2400
"G:/UnrealProjects/GhostsVsThieves/GhostsVsThieves/Content/Audio/SFX/universfield-glass-bottle-smash-277554.ubulk" 2401
"G:/UnrealProjects/GhostsVsThieves/GhostsVsThieves/Content/Audio/SFX/universfield-glass-bottle-smash-277554.uasset" 2402
"G:/UnrealProjects/GhostsVsThieves/GhostsVsThieves/Content/Audio/SFX/universfield-glass-bottle-smash-277554.uexp" 2403
"G:/UnrealProjects/GhostsVsThieves/GhostsVsThieves/Content/Blueprints/Items/BP_Item_Small.uasset" 2404
"G:/UnrealProjects/GhostsVsThieves/GhostsVsThieves/Content/Blueprints/Items/BP_Item_Small.uexp" 2405
"G:/UnrealProjects/GhostsVsThieves/GhostsVsThieves/Content/Modern_House_V1/Mesh/SM_TV.ubulk" 2406
"G:/UnrealProjects/GhostsVsThieves/GhostsVsThieves/Content/Modern_House_V1/Mesh/SM_TV.uasset" 2407
"G:/UnrealProjects/GhostsVsThieves/GhostsVsThieves/Content/Modern_House_V1/Mesh/SM_TV.uexp" 2408
"../../../Engine/Content/VREditor/Sounds/VR_teleport.ubulk" 2409
"../../../Engine/Content/VREditor/Sounds/VR_teleport.uasset" 2410
"../../../Engine/Content/VREditor/Sounds/VR_teleport.uexp" 2411
"../../../Engine/Content/BasicShapes/BasicShapeMaterial.uasset" 2412
"../../../Engine/Content/BasicShapes/BasicShapeMaterial.uexp" 2413
"G:/UnrealProjects/GhostsVsThieves/GhostsVsThieves/Content/Data/GhostDataAssets/DA_Ghost_Opportunist.uasset" 2414
"G:/UnrealProjects/GhostsVsThieves/GhostsVsThieves/Content/Data/GhostDataAssets/DA_Ghost_Opportunist.uexp" 2415
"G:/UnrealProjects/GhostsVsThieves/GhostsVsThieves/Content/Audio/SFX/Ghost_ISeeYou.ubulk" 2416
"G:/UnrealProjects/GhostsVsThieves/GhostsVsThieves/Content/Audio/SFX/Ghost_ISeeYou.uasset" 2417
"G:/UnrealProjects/GhostsVsThieves/GhostsVsThieves/Content/Audio/SFX/Ghost_ISeeYou.uexp" 2418
"G:/UnrealProjects/GhostsVsThieves/GhostsVsThieves/Content/Data/ScareDataAssets/DA_Scare_CrawlerOverhead.uasset" 2419
"G:/UnrealProjects/GhostsVsThieves/GhostsVsThieves/Content/Data/ScareDataAssets/DA_Scare_CrawlerOverhead.uexp" 2420
"G:/UnrealProjects/GhostsVsThieves/GhostsVsThieves/Content/Data/ScareDataAssets/DA_Scare_RearAudioSting.uasset" 2421
"G:/UnrealProjects/GhostsVsThieves/GhostsVsThieves/Content/Data/ScareDataAssets/DA_Scare_RearAudioSting.uexp" 2422
"G:/UnrealProjects/GhostsVsThieves/GhostsVsThieves/Content/Data/ScareDataAssets/DA_Scare_CrawlerChase.uasset" 2423
"G:/UnrealProjects/GhostsVsThieves/GhostsVsThieves/Content/Data/ScareDataAssets/DA_Scare_CrawlerChase.uexp" 2424
"G:/UnrealProjects/GhostsVsThieves/GhostsVsThieves/Content/Data/ScareDataAssets/DA_Scare_Mirror.uasset" 2425
"G:/UnrealProjects/GhostsVsThieves/GhostsVsThieves/Content/Data/ScareDataAssets/DA_Scare_Mirror.uexp" 2426
"G:/UnrealProjects/GhostsVsThieves/GhostsVsThieves/Content/Data/ScareDataAssets/DA_Scare_LightChase.uasset" 2427
"G:/UnrealProjects/GhostsVsThieves/GhostsVsThieves/Content/Data/ScareDataAssets/DA_Scare_LightChase.uexp" 2428
"G:/UnrealProjects/GhostsVsThieves/GhostsVsThieves/Content/Data/ScareDataAssets/DA_Scare_GhostScream.uasset" 2429
"G:/UnrealProjects/GhostsVsThieves/GhostsVsThieves/Content/Data/ScareDataAssets/DA_Scare_GhostScream.uexp" 2430
"G:/UnrealProjects/GhostsVsThieves/GhostsVsThieves/Content/Blueprints/Scares/BP_ScareRegistry.uasset" 2431
"G:/UnrealProjects/GhostsVsThieves/GhostsVsThieves/Content/Blueprints/Scares/BP_ScareRegistry.uexp" 2432
"G:/UnrealProjects/GhostsVsThieves/GhostsVsThieves/Content/UI/WBP_VanInventorySlot.uasset" 2433
"G:/UnrealProjects/GhostsVsThieves/GhostsVsThieves/Content/UI/WBP_VanInventorySlot.uexp" 2434
"G:/UnrealProjects/GhostsVsThieves/GhostsVsThieves/Content/UI/WBP_VanInventory.uasset" 2435
"G:/UnrealProjects/GhostsVsThieves/GhostsVsThieves/Content/UI/WBP_VanInventory.uexp" 2436
"G:/UnrealProjects/GhostsVsThieves/GhostsVsThieves/Content/UI/WBP_PauseMenu.uasset" 2437
"G:/UnrealProjects/GhostsVsThieves/GhostsVsThieves/Content/UI/WBP_PauseMenu.uexp" 2438
"G:/UnrealProjects/GhostsVsThieves/GhostsVsThieves/Content/UI/WPB_CastBar.uasset" 2439
"G:/UnrealProjects/GhostsVsThieves/GhostsVsThieves/Content/UI/WPB_CastBar.uexp" 2440
"G:/UnrealProjects/GhostsVsThieves/GhostsVsThieves/Content/Blueprints/Scares/BP_GvTScareComponent.uasset" 2441
"G:/UnrealProjects/GhostsVsThieves/GhostsVsThieves/Content/Blueprints/Scares/BP_GvTScareComponent.uexp" 2442
"G:/UnrealProjects/GhostsVsThieves/GhostsVsThieves/Content/Audio/SFX/GrowlJumpscare.ubulk" 2443
"G:/UnrealProjects/GhostsVsThieves/GhostsVsThieves/Content/Audio/SFX/GrowlJumpscare.uasset" 2444
"G:/UnrealProjects/GhostsVsThieves/GhostsVsThieves/Content/Audio/SFX/GrowlJumpscare.uexp" 2445
"G:/UnrealProjects/GhostsVsThieves/GhostsVsThieves/Content/Data/Input/IA_UseHeldItem.uasset" 2446
"G:/UnrealProjects/GhostsVsThieves/GhostsVsThieves/Content/Data/Input/IA_UseHeldItem.uexp" 2447
"G:/UnrealProjects/GhostsVsThieves/GhostsVsThieves/Content/Data/Input/IA_Crouch.uasset" 2448
"G:/UnrealProjects/GhostsVsThieves/GhostsVsThieves/Content/Data/Input/IA_Crouch.uexp" 2449
"G:/UnrealProjects/GhostsVsThieves/GhostsVsThieves/Content/Audio/SFX/data_pion-st2-footstep-sfx-323055.ubulk" 2450
"G:/UnrealProjects/GhostsVsThieves/GhostsVsThieves/Content/Audio/SFX/data_pion-st2-footstep-sfx-323055.uasset" 2451
"G:/UnrealProjects/GhostsVsThieves/GhostsVsThieves/Content/Audio/SFX/data_pion-st2-footstep-sfx-323055.uexp" 2452
"G:/UnrealProjects/GhostsVsThieves/GhostsVsThieves/Content/Characters/Mannequins/Meshes/SK_Mannequin.uasset" 2453
"G:/UnrealProjects/GhostsVsThieves/GhostsVsThieves/Content/Characters/Mannequins/Meshes/SK_Mannequin.uexp" 2454
"G:/UnrealProjects/GhostsVsThieves/GhostsVsThieves/Content/Characters/Mannequins/Rigs/Poses/Manny/Manny_foot_l_pose.uasset" 2455
"G:/UnrealProjects/GhostsVsThieves/GhostsVsThieves/Content/Characters/Mannequins/Rigs/Poses/Manny/Manny_foot_l_pose.uexp" 2456
"G:/UnrealProjects/GhostsVsThieves/GhostsVsThieves/Content/Characters/Mannequins/Rigs/Poses/Manny/Manny_thigh_r_pose.uasset" 2457
"G:/UnrealProjects/GhostsVsThieves/GhostsVsThieves/Content/Characters/Mannequins/Rigs/Poses/Manny/Manny_thigh_r_pose.uexp" 2458
"G:/UnrealProjects/GhostsVsThieves/GhostsVsThieves/Content/Characters/Mannequins/Rigs/Poses/Manny/Manny_hand_r_pose.uasset" 2459
"G:/UnrealProjects/GhostsVsThieves/GhostsVsThieves/Content/Characters/Mannequins/Rigs/Poses/Manny/Manny_hand_r_pose.uexp" 2460
"G:/UnrealProjects/GhostsVsThieves/GhostsVsThieves/Content/Characters/Mannequins/Rigs/Poses/Manny/Manny_clavicle_l_pose.uasset" 2461
"G:/UnrealProjects/GhostsVsThieves/GhostsVsThieves/Content/Characters/Mannequins/Rigs/Poses/Manny/Manny_clavicle_l_pose.uexp" 2462
"G:/UnrealProjects/GhostsVsThieves/GhostsVsThieves/Content/Characters/Mannequins/Rigs/Poses/Manny/Manny_calf_l_pose.uasset" 2463
"G:/UnrealProjects/GhostsVsThieves/GhostsVsThieves/Content/Characters/Mannequins/Rigs/Poses/Manny/Manny_calf_l_pose.uexp" 2464
"G:/UnrealProjects/GhostsVsThieves/GhostsVsThieves/Content/Characters/Mannequins/Rigs/Poses/Manny/Manny_hand_l_pose.uasset" 2465
"G:/UnrealProjects/GhostsVsThieves/GhostsVsThieves/Content/Characters/Mannequins/Rigs/Poses/Manny/Manny_hand_l_pose.uexp" 2466
"../../../Engine/Plugins/Animation/ControlRig/Content/Controls/DefaultGizmoLibrary.uasset" 2467
"../../../Engine/Plugins/Animation/ControlRig/Content/Controls/DefaultGizmoLibrary.uexp" 2468
"G:/UnrealProjects/GhostsVsThieves/GhostsVsThieves/Content/Characters/Mannequins/Rigs/CR_Mannequin_Procedural.uasset" 2469
"G:/UnrealProjects/GhostsVsThieves/GhostsVsThieves/Content/Characters/Mannequins/Rigs/CR_Mannequin_Procedural.uexp" 2470
"G:/UnrealProjects/GhostsVsThieves/GhostsVsThieves/Content/Characters/Mannequins/Rigs/Poses/Manny/Manny_upperarm_r_pose.uasset" 2471
"G:/UnrealProjects/GhostsVsThieves/GhostsVsThieves/Content/Characters/Mannequins/Rigs/Poses/Manny/Manny_upperarm_r_pose.uexp" 2472
"G:/UnrealProjects/GhostsVsThieves/GhostsVsThieves/Content/Characters/Mannequins/Rigs/Poses/Manny/Manny_lowerarm_r_pose.uasset" 2473
"G:/UnrealProjects/GhostsVsThieves/GhostsVsThieves/Content/Characters/Mannequins/Rigs/Poses/Manny/Manny_lowerarm_r_pose.uexp" 2474
"G:/UnrealProjects/GhostsVsThieves/GhostsVsThieves/Content/Characters/Mannequins/Rigs/Poses/Manny/Manny_calf_r_pose.uasset" 2475
"G:/UnrealProjects/GhostsVsThieves/GhostsVsThieves/Content/Characters/Mannequins/Rigs/Poses/Manny/Manny_calf_r_pose.uexp" 2476
"G:/UnrealProjects/GhostsVsThieves/GhostsVsThieves/Content/Characters/Mannequins/Rigs/Poses/Manny/Manny_foot_r_pose.uasset" 2477
"G:/UnrealProjects/GhostsVsThieves/GhostsVsThieves/Content/Characters/Mannequins/Rigs/Poses/Manny/Manny_foot_r_pose.uexp" 2478
"G:/UnrealProjects/GhostsVsThieves/GhostsVsThieves/Content/Characters/Mannequins/Rigs/Poses/Manny/Manny_lowerarm_l_pose.uasset" 2479
"G:/UnrealProjects/GhostsVsThieves/GhostsVsThieves/Content/Characters/Mannequins/Rigs/Poses/Manny/Manny_lowerarm_l_pose.uexp" 2480
"G:/UnrealProjects/GhostsVsThieves/GhostsVsThieves/Content/Characters/Mannequins/Rigs/Poses/Manny/Manny_clavicle_r_pose.uasset" 2481
"G:/UnrealProjects/GhostsVsThieves/GhostsVsThieves/Content/Characters/Mannequins/Rigs/Poses/Manny/Manny_clavicle_r_pose.uexp" 2482
"G:/UnrealProjects/GhostsVsThieves/GhostsVsThieves/Content/Characters/Mannequins/Rigs/Poses/Manny/Manny_thigh_l_pose.uasset" 2483
"G:/UnrealProjects/GhostsVsThieves/GhostsVsThieves/Content/Characters/Mannequins/Rigs/Poses/Manny/Manny_thigh_l_pose.uexp" 2484
"G:/UnrealProjects/GhostsVsThieves/GhostsVsThieves/Content/Characters/Mannequins/Rigs/Poses/Manny/Manny_upperarm_l_pose.uasset" 2485
"G:/UnrealProjects/GhostsVsThieves/GhostsVsThieves/Content/Characters/Mannequins/Rigs/Poses/Manny/Manny_upperarm_l_pose.uexp" 2486
"G:/UnrealProjects/GhostsVsThieves/GhostsVsThieves/Content/Characters/Mannequins/Rigs/ABP_Manny_PostProcess.uasset" 2487
"G:/UnrealProjects/GhostsVsThieves/GhostsVsThieves/Content/Characters/Mannequins/Rigs/ABP_Manny_PostProcess.uexp" 2488
"G:/UnrealProjects/GhostsVsThieves/GhostsVsThieves/Content/Characters/Mannequins/Textures/Manny/T_Manny_02_MSR_MSK.ubulk" 2489
"G:/UnrealProjects/GhostsVsThieves/GhostsVsThieves/Content/Characters/Mannequins/Textures/Manny/T_Manny_02_MSR_MSK.uasset" 2490
"G:/UnrealProjects/GhostsVsThieves/GhostsVsThieves/Content/Characters/Mannequins/Textures/Manny/T_Manny_02_MSR_MSK.uexp" 2491
"G:/UnrealProjects/GhostsVsThieves/GhostsVsThieves/Content/Characters/Mannequins/Textures/Manny/T_Manny_02_CCRCCPlastic_MSK.ubulk" 2492
"G:/UnrealProjects/GhostsVsThieves/GhostsVsThieves/Content/Characters/Mannequins/Textures/Manny/T_Manny_02_CCRCCPlastic_MSK.uasset" 2493
"G:/UnrealProjects/GhostsVsThieves/GhostsVsThieves/Content/Characters/Mannequins/Textures/Manny/T_Manny_02_CCRCCPlastic_MSK.uexp" 2494
"G:/UnrealProjects/GhostsVsThieves/GhostsVsThieves/Content/Characters/Mannequins/Textures/Manny/T_Manny_02_Tan.ubulk" 2495
"G:/UnrealProjects/GhostsVsThieves/GhostsVsThieves/Content/Characters/Mannequins/Textures/Manny/T_Manny_02_Tan.uasset" 2496
"G:/UnrealProjects/GhostsVsThieves/GhostsVsThieves/Content/Characters/Mannequins/Textures/Manny/T_Manny_02_Tan.uexp" 2497
"G:/UnrealProjects/GhostsVsThieves/GhostsVsThieves/Content/Characters/Mannequins/Textures/Manny/T_Manny_02_N.ubulk" 2498
"G:/UnrealProjects/GhostsVsThieves/GhostsVsThieves/Content/Characters/Mannequins/Textures/Manny/T_Manny_02_N.uasset" 2499
"G:/UnrealProjects/GhostsVsThieves/GhostsVsThieves/Content/Characters/Mannequins/Textures/Manny/T_Manny_02_N.uexp" 2500
"G:/UnrealProjects/GhostsVsThieves/GhostsVsThieves/Content/Characters/Mannequins/Textures/Manny/T_Manny_01_N.ubulk" 2501
"G:/UnrealProjects/GhostsVsThieves/GhostsVsThieves/Content/Characters/Mannequins/Textures/Manny/T_Manny_01_N.uasset" 2502
"G:/UnrealProjects/GhostsVsThieves/GhostsVsThieves/Content/Characters/Mannequins/Textures/Manny/T_Manny_01_N.uexp" 2503
"G:/UnrealProjects/GhostsVsThieves/GhostsVsThieves/Content/Characters/Mannequins/Materials/Functions/ChromaticCurve.uasset" 2504
"G:/UnrealProjects/GhostsVsThieves/GhostsVsThieves/Content/Characters/Mannequins/Materials/Functions/ChromaticCurve.uexp" 2505
"G:/UnrealProjects/GhostsVsThieves/GhostsVsThieves/Content/Characters/Mannequins/Materials/Functions/CA_Mannequin.uasset" 2506
"G:/UnrealProjects/GhostsVsThieves/GhostsVsThieves/Content/Characters/Mannequins/Materials/Functions/CA_Mannequin.uexp" 2507
"G:/UnrealProjects/GhostsVsThieves/GhostsVsThieves/Content/Characters/Mannequins/Materials/Functions/MF_Diffraction.uasset" 2508
"G:/UnrealProjects/GhostsVsThieves/GhostsVsThieves/Content/Characters/Mannequins/Materials/Functions/MF_Diffraction.uexp" 2509
"G:/UnrealProjects/GhostsVsThieves/GhostsVsThieves/Content/Characters/Mannequins/Materials/Functions/ML_BaseColorFallOff.uasset" 2510
"G:/UnrealProjects/GhostsVsThieves/GhostsVsThieves/Content/Characters/Mannequins/Materials/Functions/ML_BaseColorFallOff.uexp" 2511
"G:/UnrealProjects/GhostsVsThieves/GhostsVsThieves/Content/Characters/Mannequins/Textures/Shared/T_UE_Logo_M.uasset" 2512
"G:/UnrealProjects/GhostsVsThieves/GhostsVsThieves/Content/Characters/Mannequins/Textures/Shared/T_UE_Logo_M.uexp" 2513
"G:/UnrealProjects/GhostsVsThieves/GhostsVsThieves/Content/Characters/Mannequins/Materials/Functions/MF_logo3layers.uasset" 2514
"G:/UnrealProjects/GhostsVsThieves/GhostsVsThieves/Content/Characters/Mannequins/Materials/Functions/MF_logo3layers.uexp" 2515
"G:/UnrealProjects/GhostsVsThieves/GhostsVsThieves/Content/Characters/Mannequins/Textures/Manny/T_Manny_01_CCRCCPlastic_MSK.ubulk" 2516
"G:/UnrealProjects/GhostsVsThieves/GhostsVsThieves/Content/Characters/Mannequins/Textures/Manny/T_Manny_01_CCRCCPlastic_MSK.uasset" 2517
"G:/UnrealProjects/GhostsVsThieves/GhostsVsThieves/Content/Characters/Mannequins/Textures/Manny/T_Manny_01_CCRCCPlastic_MSK.uexp" 2518
"G:/UnrealProjects/GhostsVsThieves/GhostsVsThieves/Content/Characters/Mannequins/Textures/Manny/T_Manny_01_ASAOPMASK_MSK.ubulk" 2519
"G:/UnrealProjects/GhostsVsThieves/GhostsVsThieves/Content/Characters/Mannequins/Textures/Manny/T_Manny_01_ASAOPMASK_MSK.uasset" 2520
"G:/UnrealProjects/GhostsVsThieves/GhostsVsThieves/Content/Characters/Mannequins/Textures/Manny/T_Manny_01_ASAOPMASK_MSK.uexp" 2521
"G:/UnrealProjects/GhostsVsThieves/GhostsVsThieves/Content/Characters/Mannequins/Textures/Manny/T_Manny_01_MSR_MSK.ubulk" 2522
"G:/UnrealProjects/GhostsVsThieves/GhostsVsThieves/Content/Characters/Mannequins/Textures/Manny/T_Manny_01_MSR_MSK.uasset" 2523
"G:/UnrealProjects/GhostsVsThieves/GhostsVsThieves/Content/Characters/Mannequins/Textures/Manny/T_Manny_01_MSR_MSK.uexp" 2524
"G:/UnrealProjects/GhostsVsThieves/GhostsVsThieves/Content/Characters/Mannequins/Textures/Manny/T_Manny_01_BN.ubulk" 2525
"G:/UnrealProjects/GhostsVsThieves/GhostsVsThieves/Content/Characters/Mannequins/Textures/Manny/T_Manny_01_BN.uasset" 2526
"G:/UnrealProjects/GhostsVsThieves/GhostsVsThieves/Content/Characters/Mannequins/Textures/Manny/T_Manny_01_BN.uexp" 2527
"G:/UnrealProjects/GhostsVsThieves/GhostsVsThieves/Content/Characters/Mannequins/Textures/Manny/T_Manny_01_D.ubulk" 2528
"G:/UnrealProjects/GhostsVsThieves/GhostsVsThieves/Content/Characters/Mannequins/Textures/Manny/T_Manny_01_D.uasset" 2529
"G:/UnrealProjects/GhostsVsThieves/GhostsVsThieves/Content/Characters/Mannequins/Textures/Manny/T_Manny_01_D.uexp" 2530
"G:/UnrealProjects/GhostsVsThieves/GhostsVsThieves/Content/Characters/Mannequins/Textures/Manny/T_Manny_01_Tan.ubulk" 2531
"G:/UnrealProjects/GhostsVsThieves/GhostsVsThieves/Content/Characters/Mannequins/Textures/Manny/T_Manny_01_Tan.uasset" 2532
"G:/UnrealProjects/GhostsVsThieves/GhostsVsThieves/Content/Characters/Mannequins/Textures/Manny/T_Manny_01_Tan.uexp" 2533
"G:/UnrealProjects/GhostsVsThieves/GhostsVsThieves/Content/Characters/Mannequins/Materials/M_Mannequin.uasset" 2534
"G:/UnrealProjects/GhostsVsThieves/GhostsVsThieves/Content/Characters/Mannequins/Materials/M_Mannequin.uexp" 2535
"G:/UnrealProjects/GhostsVsThieves/GhostsVsThieves/Content/Characters/Mannequins/Materials/Instances/Manny/MI_Manny_01.uasset" 2536
"G:/UnrealProjects/GhostsVsThieves/GhostsVsThieves/Content/Characters/Mannequins/Materials/Instances/Manny/MI_Manny_01.uexp" 2537
"G:/UnrealProjects/GhostsVsThieves/GhostsVsThieves/Content/Characters/Mannequins/Textures/Manny/T_Manny_02_BN.ubulk" 2538
"G:/UnrealProjects/GhostsVsThieves/GhostsVsThieves/Content/Characters/Mannequins/Textures/Manny/T_Manny_02_BN.uasset" 2539
"G:/UnrealProjects/GhostsVsThieves/GhostsVsThieves/Content/Characters/Mannequins/Textures/Manny/T_Manny_02_BN.uexp" 2540
"G:/UnrealProjects/GhostsVsThieves/GhostsVsThieves/Content/Characters/Mannequins/Textures/Manny/T_Manny_02_ASAOPMASK_MSK.ubulk" 2541
"G:/UnrealProjects/GhostsVsThieves/GhostsVsThieves/Content/Characters/Mannequins/Textures/Manny/T_Manny_02_ASAOPMASK_MSK.uasset" 2542
"G:/UnrealProjects/GhostsVsThieves/GhostsVsThieves/Content/Characters/Mannequins/Textures/Manny/T_Manny_02_ASAOPMASK_MSK.uexp" 2543
"G:/UnrealProjects/GhostsVsThieves/GhostsVsThieves/Content/Characters/Mannequins/Textures/Manny/T_Manny_02_D.ubulk" 2544
"G:/UnrealProjects/GhostsVsThieves/GhostsVsThieves/Content/Characters/Mannequins/Textures/Manny/T_Manny_02_D.uasset" 2545
"G:/UnrealProjects/GhostsVsThieves/GhostsVsThieves/Content/Characters/Mannequins/Textures/Manny/T_Manny_02_D.uexp" 2546
"G:/UnrealProjects/GhostsVsThieves/GhostsVsThieves/Content/Characters/Mannequins/Materials/Instances/Manny/MI_Manny_02.uasset" 2547
"G:/UnrealProjects/GhostsVsThieves/GhostsVsThieves/Content/Characters/Mannequins/Materials/Instances/Manny/MI_Manny_02.uexp" 2548
"G:/UnrealProjects/GhostsVsThieves/GhostsVsThieves/Content/Characters/Mannequins/Rigs/PA_Mannequin.uasset" 2549
"G:/UnrealProjects/GhostsVsThieves/GhostsVsThieves/Content/Characters/Mannequins/Rigs/PA_Mannequin.uexp" 2550
"G:/UnrealProjects/GhostsVsThieves/GhostsVsThieves/Content/Characters/Mannequins/Meshes/SKM_Manny.uasset" 2551
"G:/UnrealProjects/GhostsVsThieves/GhostsVsThieves/Content/Characters/Mannequins/Meshes/SKM_Manny.uexp" 2552
"G:/UnrealProjects/GhostsVsThieves/GhostsVsThieves/Content/Audio/SoundAttenuation/ATT_PlayerFearReaction.uasset" 2553
"G:/UnrealProjects/GhostsVsThieves/GhostsVsThieves/Content/Audio/SoundAttenuation/ATT_PlayerFearReaction.uexp" 2554
"G:/UnrealProjects/GhostsVsThieves/GhostsVsThieves/Content/Data/Input/IA_InventoryPrevious.uasset" 2555
"G:/UnrealProjects/GhostsVsThieves/GhostsVsThieves/Content/Data/Input/IA_InventoryPrevious.uexp" 2556
"G:/UnrealProjects/GhostsVsThieves/GhostsVsThieves/Content/Data/Input/IA_Move.uasset" 2557
"G:/UnrealProjects/GhostsVsThieves/GhostsVsThieves/Content/Data/Input/IA_Move.uexp" 2558
"G:/UnrealProjects/GhostsVsThieves/GhostsVsThieves/Content/Data/Input/IA_TestNoise.uasset" 2559
"G:/UnrealProjects/GhostsVsThieves/GhostsVsThieves/Content/Data/Input/IA_TestNoise.uexp" 2560
"G:/UnrealProjects/GhostsVsThieves/GhostsVsThieves/Content/Data/Input/IA_ToggleDebugHUD.uasset" 2561
"G:/UnrealProjects/GhostsVsThieves/GhostsVsThieves/Content/Data/Input/IA_ToggleDebugHUD.uexp" 2562
"G:/UnrealProjects/GhostsVsThieves/GhostsVsThieves/Content/Data/Input/IA_TestMirror.uasset" 2563
"G:/UnrealProjects/GhostsVsThieves/GhostsVsThieves/Content/Data/Input/IA_TestMirror.uexp" 2564
"G:/UnrealProjects/GhostsVsThieves/GhostsVsThieves/Content/Data/Input/IA_Sprint.uasset" 2565
"G:/UnrealProjects/GhostsVsThieves/GhostsVsThieves/Content/Data/Input/IA_Sprint.uexp" 2566
"G:/UnrealProjects/GhostsVsThieves/GhostsVsThieves/Content/Data/Input/IA_Pause.uasset" 2567
"G:/UnrealProjects/GhostsVsThieves/GhostsVsThieves/Content/Data/Input/IA_Pause.uexp" 2568
"G:/UnrealProjects/GhostsVsThieves/GhostsVsThieves/Content/Data/Input/IA_Interact.uasset" 2569
"G:/UnrealProjects/GhostsVsThieves/GhostsVsThieves/Content/Data/Input/IA_Interact.uexp" 2570
"G:/UnrealProjects/GhostsVsThieves/GhostsVsThieves/Content/Data/Input/IA_Look.uasset" 2571
"G:/UnrealProjects/GhostsVsThieves/GhostsVsThieves/Content/Data/Input/IA_Look.uexp" 2572
"G:/UnrealProjects/GhostsVsThieves/GhostsVsThieves/Content/Data/Input/IA_InventoryNext.uasset" 2573
"G:/UnrealProjects/GhostsVsThieves/GhostsVsThieves/Content/Data/Input/IA_InventoryNext.uexp" 2574
"G:/UnrealProjects/GhostsVsThieves/GhostsVsThieves/Content/Data/Input/IA_DropItem.uasset" 2575
"G:/UnrealProjects/GhostsVsThieves/GhostsVsThieves/Content/Data/Input/IA_DropItem.uexp" 2576
"G:/UnrealProjects/GhostsVsThieves/GhostsVsThieves/Content/Data/Input/IMC_Player.uasset" 2577
"G:/UnrealProjects/GhostsVsThieves/GhostsVsThieves/Content/Data/Input/IMC_Player.uexp" 2578
"G:/UnrealProjects/GhostsVsThieves/GhostsVsThieves/Content/Audio/SFX/data_pion-st3-footstep-sfx-323056.ubulk" 2579
"G:/UnrealProjects/GhostsVsThieves/GhostsVsThieves/Content/Audio/SFX/data_pion-st3-footstep-sfx-323056.uasset" 2580
"G:/UnrealProjects/GhostsVsThieves/GhostsVsThieves/Content/Audio/SFX/data_pion-st3-footstep-sfx-323056.uexp" 2581
"G:/UnrealProjects/GhostsVsThieves/GhostsVsThieves/Content/Characters/Ghosts/Ghoul_Ghost/Meshes/Ghoul_Ghost_texture_Skeleton.uasset" 2582
"G:/UnrealProjects/GhostsVsThieves/GhostsVsThieves/Content/Characters/Ghosts/Ghoul_Ghost/Meshes/Ghoul_Ghost_texture_Skeleton.uexp" 2583
"../../../Engine/Plugins/Animation/ACLPlugin/Content/ACLAnimBoneCompressionSettings.uasset" 2584
"../../../Engine/Plugins/Animation/ACLPlugin/Content/ACLAnimBoneCompressionSettings.uexp" 2585
"../../../Engine/Content/Animation/DefaultVariableFrameStrippingSettings.uasset" 2586
"../../../Engine/Content/Animation/DefaultVariableFrameStrippingSettings.uexp" 2587
"../../../Engine/Plugins/Animation/ACLPlugin/Content/ACLAnimCurveCompressionSettings.uasset" 2588
"../../../Engine/Plugins/Animation/ACLPlugin/Content/ACLAnimCurveCompressionSettings.uexp" 2589
"G:/UnrealProjects/GhostsVsThieves/GhostsVsThieves/Content/Characters/Ghosts/Ghoul_Ghost/Animations/Zombie_Idle.uasset" 2590
"G:/UnrealProjects/GhostsVsThieves/GhostsVsThieves/Content/Characters/Ghosts/Ghoul_Ghost/Animations/Zombie_Idle.uexp" 2591
"G:/UnrealProjects/GhostsVsThieves/GhostsVsThieves/Content/Characters/Ghosts/Ghoul_Ghost/Animations/Zombie_Running.uasset" 2592
"G:/UnrealProjects/GhostsVsThieves/GhostsVsThieves/Content/Characters/Ghosts/Ghoul_Ghost/Animations/Zombie_Running.uexp" 2593
"G:/UnrealProjects/GhostsVsThieves/GhostsVsThieves/Content/Characters/Ghosts/Ghoul_Ghost/Animations/Zombie_Stand_Up.uasset" 2594
"G:/UnrealProjects/GhostsVsThieves/GhostsVsThieves/Content/Characters/Ghosts/Ghoul_Ghost/Animations/Zombie_Stand_Up.uexp" 2595
"G:/UnrealProjects/GhostsVsThieves/GhostsVsThieves/Content/Characters/Ghosts/Ghoul_Ghost/Animations/Zombie_Scream.uasset" 2596
"G:/UnrealProjects/GhostsVsThieves/GhostsVsThieves/Content/Characters/Ghosts/Ghoul_Ghost/Animations/Zombie_Scream.uexp" 2597
"G:/UnrealProjects/GhostsVsThieves/GhostsVsThieves/Content/Characters/Ghosts/Ghoul_Ghost/Animations/Walking.uasset" 2598
"G:/UnrealProjects/GhostsVsThieves/GhostsVsThieves/Content/Characters/Ghosts/Ghoul_Ghost/Animations/Walking.uexp" 2599
"G:/UnrealProjects/GhostsVsThieves/GhostsVsThieves/Content/Characters/Ghosts/Ghoul_Ghost/Animations/ABP_GhoulGhost.uasset" 2600
"G:/UnrealProjects/GhostsVsThieves/GhostsVsThieves/Content/Characters/Ghosts/Ghoul_Ghost/Animations/ABP_GhoulGhost.uexp" 2601
"G:/UnrealProjects/GhostsVsThieves/GhostsVsThieves/Content/Characters/Ghosts/Ghoul_Ghost/Meshes/Ghoul_Ghost_texture_PhysicsAsset.uasset" 2602
"G:/UnrealProjects/GhostsVsThieves/GhostsVsThieves/Content/Characters/Ghosts/Ghoul_Ghost/Meshes/Ghoul_Ghost_texture_PhysicsAsset.uexp" 2603
"G:/UnrealProjects/GhostsVsThieves/GhostsVsThieves/Content/Characters/Ghosts/Ghoul_Ghost/Textures/Ghoul_Ghost_texture_metallic.ubulk" 2604
"G:/UnrealProjects/GhostsVsThieves/GhostsVsThieves/Content/Characters/Ghosts/Ghoul_Ghost/Textures/Ghoul_Ghost_texture_metallic.uasset" 2605
"G:/UnrealProjects/GhostsVsThieves/GhostsVsThieves/Content/Characters/Ghosts/Ghoul_Ghost/Textures/Ghoul_Ghost_texture_metallic.uexp" 2606
"G:/UnrealProjects/GhostsVsThieves/GhostsVsThieves/Content/Characters/Ghosts/Ghoul_Ghost/Textures/Ghoul_Ghost_texture.ubulk" 2607
"G:/UnrealProjects/GhostsVsThieves/GhostsVsThieves/Content/Characters/Ghosts/Ghoul_Ghost/Textures/Ghoul_Ghost_texture.uasset" 2608
"G:/UnrealProjects/GhostsVsThieves/GhostsVsThieves/Content/Characters/Ghosts/Ghoul_Ghost/Textures/Ghoul_Ghost_texture.uexp" 2609
"G:/UnrealProjects/GhostsVsThieves/GhostsVsThieves/Content/Characters/Ghosts/Ghoul_Ghost/Textures/Ghoul_Ghost_texture_normal.ubulk" 2610
"G:/UnrealProjects/GhostsVsThieves/GhostsVsThieves/Content/Characters/Ghosts/Ghoul_Ghost/Textures/Ghoul_Ghost_texture_normal.uasset" 2611
"G:/UnrealProjects/GhostsVsThieves/GhostsVsThieves/Content/Characters/Ghosts/Ghoul_Ghost/Textures/Ghoul_Ghost_texture_normal.uexp" 2612
"G:/UnrealProjects/GhostsVsThieves/GhostsVsThieves/Content/Characters/Ghosts/Ghoul_Ghost/Textures/Ghoul_Ghost_texture_roughness.ubulk" 2613
"G:/UnrealProjects/GhostsVsThieves/GhostsVsThieves/Content/Characters/Ghosts/Ghoul_Ghost/Textures/Ghoul_Ghost_texture_roughness.uasset" 2614
"G:/UnrealProjects/GhostsVsThieves/GhostsVsThieves/Content/Characters/Ghosts/Ghoul_Ghost/Textures/Ghoul_Ghost_texture_roughness.uexp" 2615
"G:/UnrealProjects/GhostsVsThieves/GhostsVsThieves/Content/Characters/Ghosts/Ghoul_Ghost/Materials/M_GhoulGhost_Master.uasset" 2616
"G:/UnrealProjects/GhostsVsThieves/GhostsVsThieves/Content/Characters/Ghosts/Ghoul_Ghost/Materials/M_GhoulGhost_Master.uexp" 2617
"G:/UnrealProjects/GhostsVsThieves/GhostsVsThieves/Content/Characters/Ghosts/Ghoul_Ghost/Meshes/Ghoul_Ghost_texture.uasset" 2618
"G:/UnrealProjects/GhostsVsThieves/GhostsVsThieves/Content/Characters/Ghosts/Ghoul_Ghost/Meshes/Ghoul_Ghost_texture.uexp" 2619
"G:/UnrealProjects/GhostsVsThieves/GhostsVsThieves/Content/Audio/SFX/AMBDsgn_Evil_Spell_Ambience_344_Audio_Ghostly_Presences.ubulk" 2620
"G:/UnrealProjects/GhostsVsThieves/GhostsVsThieves/Content/Audio/SFX/AMBDsgn_Evil_Spell_Ambience_344_Audio_Ghostly_Presences.uasset" 2621
"G:/UnrealProjects/GhostsVsThieves/GhostsVsThieves/Content/Audio/SFX/AMBDsgn_Evil_Spell_Ambience_344_Audio_Ghostly_Presences.uexp" 2622
"G:/UnrealProjects/GhostsVsThieves/GhostsVsThieves/Content/Audio/SFX/GhostUglyWhisper_-_Dragon.ubulk" 2623
"G:/UnrealProjects/GhostsVsThieves/GhostsVsThieves/Content/Audio/SFX/GhostUglyWhisper_-_Dragon.uasset" 2624
"G:/UnrealProjects/GhostsVsThieves/GhostsVsThieves/Content/Audio/SFX/GhostUglyWhisper_-_Dragon.uexp" 2625
"G:/UnrealProjects/GhostsVsThieves/GhostsVsThieves/Content/Audio/SFX/GhostScream.ubulk" 2626
"G:/UnrealProjects/GhostsVsThieves/GhostsVsThieves/Content/Audio/SFX/GhostScream.uasset" 2627
"G:/UnrealProjects/GhostsVsThieves/GhostsVsThieves/Content/Audio/SFX/GhostScream.uexp" 2628
"G:/UnrealProjects/GhostsVsThieves/GhostsVsThieves/Content/Characters/Ghosts/Ghoul_Ghost/BP_GvTGhoulGhost.uasset" 2629
"G:/UnrealProjects/GhostsVsThieves/GhostsVsThieves/Content/Characters/Ghosts/Ghoul_Ghost/BP_GvTGhoulGhost.uexp" 2630
"G:/UnrealProjects/GhostsVsThieves/GhostsVsThieves/Content/Audio/SFX/WalkingOnWood.ubulk" 2631
"G:/UnrealProjects/GhostsVsThieves/GhostsVsThieves/Content/Audio/SFX/WalkingOnWood.uasset" 2632
"G:/UnrealProjects/GhostsVsThieves/GhostsVsThieves/Content/Audio/SFX/WalkingOnWood.uexp" 2633
"G:/UnrealProjects/GhostsVsThieves/GhostsVsThieves/Content/Audio/SFX/GhostWhisper.ubulk" 2634
"G:/UnrealProjects/GhostsVsThieves/GhostsVsThieves/Content/Audio/SFX/GhostWhisper.uasset" 2635
"G:/UnrealProjects/GhostsVsThieves/GhostsVsThieves/Content/Audio/SFX/GhostWhisper.uexp" 2636
"../../../Engine/Content/Animation/DefaultAnimCurveCompressionSettings.uasset" 2637
"../../../Engine/Content/Animation/DefaultAnimCurveCompressionSettings.uexp" 2638
"../../../Engine/Content/Animation/DefaultAnimBoneCompressionSettings.uasset" 2639
"../../../Engine/Content/Animation/DefaultAnimBoneCompressionSettings.uexp" 2640
"G:/UnrealProjects/GhostsVsThieves/GhostsVsThieves/Content/Characters/Mannequins/Animations/Manny/MM_Fall_Loop.uasset" 2641
"G:/UnrealProjects/GhostsVsThieves/GhostsVsThieves/Content/Characters/Mannequins/Animations/Manny/MM_Fall_Loop.uexp" 2642
"G:/UnrealProjects/GhostsVsThieves/GhostsVsThieves/Content/Characters/Mannequins/Animations/Manny/MM_Jump.uasset" 2643
"G:/UnrealProjects/GhostsVsThieves/GhostsVsThieves/Content/Characters/Mannequins/Animations/Manny/MM_Jump.uexp" 2644
"G:/UnrealProjects/GhostsVsThieves/GhostsVsThieves/Content/Characters/Mannequins/Rigs/CR_Mannequin_BasicFootIK.uasset" 2645
"G:/UnrealProjects/GhostsVsThieves/GhostsVsThieves/Content/Characters/Mannequins/Rigs/CR_Mannequin_BasicFootIK.uexp" 2646
"G:/UnrealProjects/GhostsVsThieves/GhostsVsThieves/Content/Characters/Mannequins/Animations/Manny/MM_Run_Fwd.uasset" 2647
"G:/UnrealProjects/GhostsVsThieves/GhostsVsThieves/Content/Characters/Mannequins/Animations/Manny/MM_Run_Fwd.uexp" 2648
"G:/UnrealProjects/GhostsVsThieves/GhostsVsThieves/Content/Characters/Mannequins/Animations/Manny/MM_Walk_Fwd.uasset" 2649
"G:/UnrealProjects/GhostsVsThieves/GhostsVsThieves/Content/Characters/Mannequins/Animations/Manny/MM_Walk_Fwd.uexp" 2650
"../../../Engine/Content/Animation/DefaultRecorderBoneCompression.uasset" 2651
"../../../Engine/Content/Animation/DefaultRecorderBoneCompression.uexp" 2652
"G:/UnrealProjects/GhostsVsThieves/GhostsVsThieves/Content/Characters/Mannequins/Animations/Manny/MM_Walk_InPlace.uasset" 2653
"G:/UnrealProjects/GhostsVsThieves/GhostsVsThieves/Content/Characters/Mannequins/Animations/Manny/MM_Walk_InPlace.uexp" 2654
"G:/UnrealProjects/GhostsVsThieves/GhostsVsThieves/Content/Characters/Mannequins/Animations/Manny/BS_MM_WalkRun.uasset" 2655
"G:/UnrealProjects/GhostsVsThieves/GhostsVsThieves/Content/Characters/Mannequins/Animations/Manny/BS_MM_WalkRun.uexp" 2656
"G:/UnrealProjects/GhostsVsThieves/GhostsVsThieves/Content/Characters/Mannequins/Animations/Manny/MM_Land.uasset" 2657
"G:/UnrealProjects/GhostsVsThieves/GhostsVsThieves/Content/Characters/Mannequins/Animations/Manny/MM_Land.uexp" 2658
"G:/UnrealProjects/GhostsVsThieves/GhostsVsThieves/Content/Characters/Mannequins/Animations/Manny/MM_Idle.uasset" 2659
"G:/UnrealProjects/GhostsVsThieves/GhostsVsThieves/Content/Characters/Mannequins/Animations/Manny/MM_Idle.uexp" 2660
"G:/UnrealProjects/GhostsVsThieves/GhostsVsThieves/Content/Characters/Mannequins/Animations/ABP_Manny.uasset" 2661
"G:/UnrealProjects/GhostsVsThieves/GhostsVsThieves/Content/Characters/Mannequins/Animations/ABP_Manny.uexp" 2662
"G:/UnrealProjects/GhostsVsThieves/GhostsVsThieves/Content/Audio/SFX/QuickKnocks.ubulk" 2663
"G:/UnrealProjects/GhostsVsThieves/GhostsVsThieves/Content/Audio/SFX/QuickKnocks.uasset" 2664
"G:/UnrealProjects/GhostsVsThieves/GhostsVsThieves/Content/Audio/SFX/QuickKnocks.uexp" 2665
"G:/UnrealProjects/GhostsVsThieves/GhostsVsThieves/Content/Audio/SFX/data_pion-st1-footstep-sfx-323053.ubulk" 2666
"G:/UnrealProjects/GhostsVsThieves/GhostsVsThieves/Content/Audio/SFX/data_pion-st1-footstep-sfx-323053.uasset" 2667
"G:/UnrealProjects/GhostsVsThieves/GhostsVsThieves/Content/Audio/SFX/data_pion-st1-footstep-sfx-323053.uexp" 2668
"G:/UnrealProjects/GhostsVsThieves/GhostsVsThieves/Content/Data/Input/IA_ToggleFlashlight.uasset" 2669
"G:/UnrealProjects/GhostsVsThieves/GhostsVsThieves/Content/Data/Input/IA_ToggleFlashlight.uexp" 2670
"G:/UnrealProjects/GhostsVsThieves/GhostsVsThieves/Content/Data/Input/IA_Photo.uasset" 2671
"G:/UnrealProjects/GhostsVsThieves/GhostsVsThieves/Content/Data/Input/IA_Photo.uexp" 2672
"G:/UnrealProjects/GhostsVsThieves/GhostsVsThieves/Content/Characters/Thieves/BP_GvTThiefCharacter.uasset" 2673
"G:/UnrealProjects/GhostsVsThieves/GhostsVsThieves/Content/Characters/Thieves/BP_GvTThiefCharacter.uexp" 2674
"G:/UnrealProjects/GhostsVsThieves/GhostsVsThieves/Content/UI/WPB_HUD.uasset" 2675
"G:/UnrealProjects/GhostsVsThieves/GhostsVsThieves/Content/UI/WPB_HUD.uexp" 2676
"G:/UnrealProjects/GhostsVsThieves/GhostsVsThieves/Content/UI/WBP_MissionResults.uasset" 2677
"G:/UnrealProjects/GhostsVsThieves/GhostsVsThieves/Content/UI/WBP_MissionResults.uexp" 2678
"G:/UnrealProjects/GhostsVsThieves/GhostsVsThieves/Content/Characters/BP_GvTPlayerController.uasset" 2679
"G:/UnrealProjects/GhostsVsThieves/GhostsVsThieves/Content/Characters/BP_GvTPlayerController.uexp" 2680
"G:/UnrealProjects/GhostsVsThieves/GhostsVsThieves/Content/Core/GameState/BP_GvTGameStateDebug.uasset" 2681
"G:/UnrealProjects/GhostsVsThieves/GhostsVsThieves/Content/Core/GameState/BP_GvTGameStateDebug.uexp" 2682
"G:/UnrealProjects/GhostsVsThieves/GhostsVsThieves/Content/Core/GameState/BP_GvTGameMode.uasset" 2683
"G:/UnrealProjects/GhostsVsThieves/GhostsVsThieves/Content/Core/GameState/BP_GvTGameMode.uexp" 2684
"../../../Engine/Content/VREditor/Sounds/VR_object_grabbed_loop.ubulk" 2685
"../../../Engine/Content/VREditor/Sounds/VR_object_grabbed_loop.uasset" 2686
"../../../Engine/Content/VREditor/Sounds/VR_object_grabbed_loop.uexp" 2687
"G:/UnrealProjects/GhostsVsThieves/GhostsVsThieves/Content/Blueprints/Scares/BP_GvTHouseEntryTrigger.uasset" 2688
"G:/UnrealProjects/GhostsVsThieves/GhostsVsThieves/Content/Blueprints/Scares/BP_GvTHouseEntryTrigger.uexp" 2689
"G:/UnrealProjects/GhostsVsThieves/GhostsVsThieves/Content/Maps/L_House_MVP.uexp" 2690
"G:/UnrealProjects/GhostsVsThieves/GhostsVsThieves/Content/Maps/L_House_MVP.umap" 2691
"../../../Engine/Content/Maps/Entry_BuiltData.uasset" 2692
"../../../Engine/Content/Maps/Entry_BuiltData.uexp" 2693
"../../../Engine/Content/Maps/Entry.uexp" 2694
"../../../Engine/Content/Maps/Entry.umap" 2695
